// Validating benchmarks:
// ***** BenchmarkRunner: Start   *****
// ***** Found 19 benchmark(s) in total *****
// ***** Building 1 exe(s) in Parallel: Start   *****
// ***** Done, took 00:00:00 (0.08 sec)   *****
// Found 19 benchmarks:
//   RpcV2CborBenchmarks.rpcv2Cbor_GetItemOutput_Baseline: Job-UWPFQY(Toolchain=InProcessEmitToolchain, MaxIterationCount=20, MinIterationCount=5, RunStrategy=Throughput, WarmupCount=5)
//   RpcV2CborBenchmarks.rpcv2Cbor_GetItemOutput_S: Job-UWPFQY(Toolchain=InProcessEmitToolchain, MaxIterationCount=20, MinIterationCount=5, RunStrategy=Throughput, WarmupCount=5)
//   RpcV2CborBenchmarks.rpcv2Cbor_GetItemOutput_M: Job-UWPFQY(Toolchain=InProcessEmitToolchain, MaxIterationCount=20, MinIterationCount=5, RunStrategy=Throughput, WarmupCount=5)
//   RpcV2CborBenchmarks.rpcv2Cbor_GetItemOutput_L: Job-UWPFQY(Toolchain=InProcessEmitToolchain, MaxIterationCount=20, MinIterationCount=5, RunStrategy=Throughput, WarmupCount=5)
//   RpcV2CborBenchmarks.rpcv2Cbor_GetItemOutputBinary_S: Job-UWPFQY(Toolchain=InProcessEmitToolchain, MaxIterationCount=20, MinIterationCount=5, RunStrategy=Throughput, WarmupCount=5)
//   RpcV2CborBenchmarks.rpcv2Cbor_GetItemOutputBinary_M: Job-UWPFQY(Toolchain=InProcessEmitToolchain, MaxIterationCount=20, MinIterationCount=5, RunStrategy=Throughput, WarmupCount=5)
//   RpcV2CborBenchmarks.rpcv2Cbor_GetItemOutputBinary_L: Job-UWPFQY(Toolchain=InProcessEmitToolchain, MaxIterationCount=20, MinIterationCount=5, RunStrategy=Throughput, WarmupCount=5)
//   RpcV2CborBenchmarks.rpcv2Cbor_PutItemRequest_Baseline: Job-UWPFQY(Toolchain=InProcessEmitToolchain, MaxIterationCount=20, MinIterationCount=5, RunStrategy=Throughput, WarmupCount=5)
//   RpcV2CborBenchmarks.rpcv2Cbor_PutItemRequest_BinaryData_S: Job-UWPFQY(Toolchain=InProcessEmitToolchain, MaxIterationCount=20, MinIterationCount=5, RunStrategy=Throughput, WarmupCount=5)
//   RpcV2CborBenchmarks.rpcv2Cbor_PutItemRequest_BinaryData_M: Job-UWPFQY(Toolchain=InProcessEmitToolchain, MaxIterationCount=20, MinIterationCount=5, RunStrategy=Throughput, WarmupCount=5)
//   RpcV2CborBenchmarks.rpcv2Cbor_PutItemRequest_BinaryData_L: Job-UWPFQY(Toolchain=InProcessEmitToolchain, MaxIterationCount=20, MinIterationCount=5, RunStrategy=Throughput, WarmupCount=5)
//   RpcV2CborBenchmarks.rpcv2Cbor_PutItemRequest_MixedItem_S: Job-UWPFQY(Toolchain=InProcessEmitToolchain, MaxIterationCount=20, MinIterationCount=5, RunStrategy=Throughput, WarmupCount=5)
//   RpcV2CborBenchmarks.rpcv2Cbor_PutItemRequest_MixedItem_M: Job-UWPFQY(Toolchain=InProcessEmitToolchain, MaxIterationCount=20, MinIterationCount=5, RunStrategy=Throughput, WarmupCount=5)
//   RpcV2CborBenchmarks.rpcv2Cbor_PutItemRequest_MixedItem_L: Job-UWPFQY(Toolchain=InProcessEmitToolchain, MaxIterationCount=20, MinIterationCount=5, RunStrategy=Throughput, WarmupCount=5)
//   RpcV2CborBenchmarks.rpcv2Cbor_PutItemRequest_Nested_M: Job-UWPFQY(Toolchain=InProcessEmitToolchain, MaxIterationCount=20, MinIterationCount=5, RunStrategy=Throughput, WarmupCount=5)
//   RpcV2CborBenchmarks.rpcv2Cbor_PutItemRequest_Nested_L: Job-UWPFQY(Toolchain=InProcessEmitToolchain, MaxIterationCount=20, MinIterationCount=5, RunStrategy=Throughput, WarmupCount=5)
//   RpcV2CborBenchmarks.rpcv2Cbor_PutItemRequest_ShallowMap_S: Job-UWPFQY(Toolchain=InProcessEmitToolchain, MaxIterationCount=20, MinIterationCount=5, RunStrategy=Throughput, WarmupCount=5)
//   RpcV2CborBenchmarks.rpcv2Cbor_PutItemRequest_ShallowMap_M: Job-UWPFQY(Toolchain=InProcessEmitToolchain, MaxIterationCount=20, MinIterationCount=5, RunStrategy=Throughput, WarmupCount=5)
//   RpcV2CborBenchmarks.rpcv2Cbor_PutItemRequest_ShallowMap_L: Job-UWPFQY(Toolchain=InProcessEmitToolchain, MaxIterationCount=20, MinIterationCount=5, RunStrategy=Throughput, WarmupCount=5)

// **************************
// Benchmark: RpcV2CborBenchmarks.rpcv2Cbor_GetItemOutput_Baseline: Job-UWPFQY(Toolchain=InProcessEmitToolchain, MaxIterationCount=20, MinIterationCount=5, RunStrategy=Throughput, WarmupCount=5)
// *** Execute ***
// Launch: 1 / 1
// ! Failed to set up priority High for process System.Diagnostics.Process (SerdeBenchmarksRunner). Make sure you have the right permissions. Message: Permission denied

// Benchmark Process Environment Information:
// BenchmarkDotNet v0.15.2
// Runtime=.NET 8.0.30 (8.0.3026.36720), Arm64 RyuJIT AdvSIMD
// GC=Concurrent Workstation
// HardwareIntrinsics=AdvSIMD,AES,CRC32,DP,RDM,SHA1,SHA256 VectorSize=128
// Job: Job-UWPFQY(Toolchain=InProcessEmitToolchain, MaxIterationCount=20, MinIterationCount=5, RunStrategy=Throughput, WarmupCount=5)

OverheadJitting  1: 1 op, 248652.00 ns, 248.6520 us/op
WorkloadJitting  1: 1 op, 12351929.00 ns, 12.3519 ms/op

OverheadJitting  2: 16 op, 367579.00 ns, 22.9737 us/op
WorkloadJitting  2: 16 op, 541260.00 ns, 33.8288 us/op

WorkloadPilot    1: 16 op, 78844.00 ns, 4.9278 us/op
WorkloadPilot    2: 32 op, 131161.00 ns, 4.0988 us/op
WorkloadPilot    3: 64 op, 232898.00 ns, 3.6390 us/op
WorkloadPilot    4: 128 op, 414637.00 ns, 3.2394 us/op
WorkloadPilot    5: 256 op, 837971.00 ns, 3.2733 us/op
WorkloadPilot    6: 512 op, 1642381.00 ns, 3.2078 us/op
WorkloadPilot    7: 1024 op, 2846389.00 ns, 2.7797 us/op
WorkloadPilot    8: 2048 op, 5620111.00 ns, 2.7442 us/op
WorkloadPilot    9: 4096 op, 11171281.00 ns, 2.7274 us/op
WorkloadPilot   10: 8192 op, 25666301.00 ns, 3.1331 us/op
WorkloadPilot   11: 16384 op, 42316054.00 ns, 2.5828 us/op
WorkloadPilot   12: 32768 op, 90068209.00 ns, 2.7487 us/op
WorkloadPilot   13: 65536 op, 61811729.00 ns, 943.1721 ns/op
WorkloadPilot   14: 131072 op, 102167489.00 ns, 779.4761 ns/op
WorkloadPilot   15: 262144 op, 206310001.00 ns, 787.0102 ns/op
WorkloadPilot   16: 524288 op, 415331406.00 ns, 792.1818 ns/op
WorkloadPilot   17: 1048576 op, 822173796.00 ns, 784.0860 ns/op

OverheadWarmup   1: 1048576 op, 1993033.00 ns, 1.9007 ns/op
OverheadWarmup   2: 1048576 op, 2004439.00 ns, 1.9116 ns/op
OverheadWarmup   3: 1048576 op, 2006572.00 ns, 1.9136 ns/op
OverheadWarmup   4: 1048576 op, 1980011.00 ns, 1.8883 ns/op
OverheadWarmup   5: 1048576 op, 1999523.00 ns, 1.9069 ns/op
OverheadWarmup   6: 1048576 op, 2007950.00 ns, 1.9149 ns/op
OverheadWarmup   7: 1048576 op, 1996619.00 ns, 1.9041 ns/op

OverheadActual   1: 1048576 op, 2015097.00 ns, 1.9217 ns/op
OverheadActual   2: 1048576 op, 2020907.00 ns, 1.9273 ns/op
OverheadActual   3: 1048576 op, 1993370.00 ns, 1.9010 ns/op
OverheadActual   4: 1048576 op, 2002510.00 ns, 1.9097 ns/op
OverheadActual   5: 1048576 op, 2022687.00 ns, 1.9290 ns/op

WorkloadWarmup   1: 1048576 op, 829517423.00 ns, 791.0895 ns/op
WorkloadWarmup   2: 1048576 op, 827155275.00 ns, 788.8367 ns/op
WorkloadWarmup   3: 1048576 op, 820981531.00 ns, 782.9490 ns/op
WorkloadWarmup   4: 1048576 op, 820490651.00 ns, 782.4809 ns/op
WorkloadWarmup   5: 1048576 op, 827083209.00 ns, 788.7680 ns/op

WorkloadActual   1: 1048576 op, 829842893.00 ns, 791.3999 ns/op
WorkloadActual   2: 1048576 op, 822254946.00 ns, 784.1634 ns/op
WorkloadActual   3: 1048576 op, 825123943.00 ns, 786.8995 ns/op
WorkloadActual   4: 1048576 op, 830388169.00 ns, 791.9199 ns/op
WorkloadActual   5: 1048576 op, 824846550.00 ns, 786.6350 ns/op

WorkloadResult   1: 1048576 op, 827827796.00 ns, 789.4781 ns/op
WorkloadResult   2: 1048576 op, 820239849.00 ns, 782.2417 ns/op
WorkloadResult   3: 1048576 op, 823108846.00 ns, 784.9778 ns/op
WorkloadResult   4: 1048576 op, 828373072.00 ns, 789.9981 ns/op
WorkloadResult   5: 1048576 op, 822831453.00 ns, 784.7132 ns/op
// GC:  78 0 0 1317011456 1048576
// Threading:  0 0 1048576


Mean = 786.282 ns, StdErr = 1.492 ns (0.19%), N = 5, StdDev = 3.336 ns
Min = 782.242 ns, Q1 = 784.713 ns, Median = 784.978 ns, Q3 = 789.478 ns, Max = 789.998 ns
IQR = 4.765 ns, LowerFence = 777.566 ns, UpperFence = 796.625 ns
ConfidenceInterval = [773.437 ns; 799.127 ns] (CI 99.9%), Margin = 12.845 ns (1.63% of Mean)
Skewness = 0.06, Kurtosis = 0.92, MValue = 2

// ** Remained 18 (94.7 %) benchmark(s) to run. Estimated finish 2026-09-11 14:07 (0h 3m from now) **
// **************************
// Benchmark: RpcV2CborBenchmarks.rpcv2Cbor_GetItemOutput_S: Job-UWPFQY(Toolchain=InProcessEmitToolchain, MaxIterationCount=20, MinIterationCount=5, RunStrategy=Throughput, WarmupCount=5)
// *** Execute ***
// Launch: 1 / 1
// ! Failed to set up priority High for process System.Diagnostics.Process (SerdeBenchmarksRunner). Make sure you have the right permissions. Message: Permission denied

// Benchmark Process Environment Information:
// BenchmarkDotNet v0.15.2
// Runtime=.NET 8.0.30 (8.0.3026.36720), Arm64 RyuJIT AdvSIMD
// GC=Concurrent Workstation
// HardwareIntrinsics=AdvSIMD,AES,CRC32,DP,RDM,SHA1,SHA256 VectorSize=128
// Job: Job-UWPFQY(Toolchain=InProcessEmitToolchain, MaxIterationCount=20, MinIterationCount=5, RunStrategy=Throughput, WarmupCount=5)

OverheadJitting  1: 1 op, 304899.00 ns, 304.8990 us/op
WorkloadJitting  1: 1 op, 4410967.00 ns, 4.4110 ms/op

OverheadJitting  2: 16 op, 330861.00 ns, 20.6788 us/op
WorkloadJitting  2: 16 op, 459306.00 ns, 28.7066 us/op

WorkloadPilot    1: 16 op, 132868.00 ns, 8.3043 us/op
WorkloadPilot    2: 32 op, 241259.00 ns, 7.5393 us/op
WorkloadPilot    3: 64 op, 469972.00 ns, 7.3433 us/op
WorkloadPilot    4: 128 op, 917554.00 ns, 7.1684 us/op
WorkloadPilot    5: 256 op, 1835189.00 ns, 7.1687 us/op
WorkloadPilot    6: 512 op, 4881498.00 ns, 9.5342 us/op
WorkloadPilot    7: 1024 op, 7285623.00 ns, 7.1149 us/op
WorkloadPilot    8: 2048 op, 16324736.00 ns, 7.9711 us/op
WorkloadPilot    9: 4096 op, 34802096.00 ns, 8.4966 us/op
WorkloadPilot   10: 8192 op, 65230272.00 ns, 7.9627 us/op
WorkloadPilot   11: 16384 op, 126729013.00 ns, 7.7349 us/op
WorkloadPilot   12: 32768 op, 117966418.00 ns, 3.6000 us/op
WorkloadPilot   13: 65536 op, 236021042.00 ns, 3.6014 us/op
WorkloadPilot   14: 131072 op, 480532616.00 ns, 3.6662 us/op
WorkloadPilot   15: 262144 op, 944209364.00 ns, 3.6019 us/op

OverheadWarmup   1: 262144 op, 502523.00 ns, 1.9170 ns/op
OverheadWarmup   2: 262144 op, 485128.00 ns, 1.8506 ns/op
OverheadWarmup   3: 262144 op, 500398.00 ns, 1.9089 ns/op
OverheadWarmup   4: 262144 op, 498904.00 ns, 1.9032 ns/op
OverheadWarmup   5: 262144 op, 496812.00 ns, 1.8952 ns/op
OverheadWarmup   6: 262144 op, 506396.00 ns, 1.9317 ns/op
OverheadWarmup   7: 262144 op, 499495.00 ns, 1.9054 ns/op

OverheadActual   1: 262144 op, 487179.00 ns, 1.8584 ns/op
OverheadActual   2: 262144 op, 484611.00 ns, 1.8486 ns/op
OverheadActual   3: 262144 op, 498609.00 ns, 1.9020 ns/op
OverheadActual   4: 262144 op, 496393.00 ns, 1.8936 ns/op
OverheadActual   5: 262144 op, 506306.00 ns, 1.9314 ns/op
OverheadActual   6: 262144 op, 486597.00 ns, 1.8562 ns/op

WorkloadWarmup   1: 262144 op, 948711262.00 ns, 3.6190 us/op
WorkloadWarmup   2: 262144 op, 947414149.00 ns, 3.6141 us/op
WorkloadWarmup   3: 262144 op, 944858055.00 ns, 3.6043 us/op
WorkloadWarmup   4: 262144 op, 945179710.00 ns, 3.6056 us/op
WorkloadWarmup   5: 262144 op, 943217939.00 ns, 3.5981 us/op

WorkloadActual   1: 262144 op, 946216115.00 ns, 3.6095 us/op
WorkloadActual   2: 262144 op, 944929498.00 ns, 3.6046 us/op
WorkloadActual   3: 262144 op, 941527220.00 ns, 3.5916 us/op
WorkloadActual   4: 262144 op, 941930114.00 ns, 3.5932 us/op
WorkloadActual   5: 262144 op, 941313062.00 ns, 3.5908 us/op

WorkloadResult   1: 262144 op, 945724329.00 ns, 3.6077 us/op
WorkloadResult   2: 262144 op, 944437712.00 ns, 3.6027 us/op
WorkloadResult   3: 262144 op, 941035434.00 ns, 3.5898 us/op
WorkloadResult   4: 262144 op, 941438328.00 ns, 3.5913 us/op
WorkloadResult   5: 262144 op, 940821276.00 ns, 3.5889 us/op
// GC:  46 0 0 778043392 262144
// Threading:  0 0 262144


Mean = 3.596 μs, StdErr = 0.004 μs (0.11%), N = 5, StdDev = 0.009 μs
Min = 3.589 μs, Q1 = 3.590 μs, Median = 3.591 μs, Q3 = 3.603 μs, Max = 3.608 μs
IQR = 0.013 μs, LowerFence = 3.570 μs, UpperFence = 3.622 μs
ConfidenceInterval = [3.563 μs; 3.629 μs] (CI 99.9%), Margin = 0.033 μs (0.91% of Mean)
Skewness = 0.36, Kurtosis = 0.92, MValue = 2

// ** Remained 17 (89.5 %) benchmark(s) to run. Estimated finish 2026-09-11 14:08 (0h 3m from now) **
// **************************
// Benchmark: RpcV2CborBenchmarks.rpcv2Cbor_GetItemOutput_M: Job-UWPFQY(Toolchain=InProcessEmitToolchain, MaxIterationCount=20, MinIterationCount=5, RunStrategy=Throughput, WarmupCount=5)
// *** Execute ***
// Launch: 1 / 1
// ! Failed to set up priority High for process System.Diagnostics.Process (SerdeBenchmarksRunner). Make sure you have the right permissions. Message: Permission denied

// Benchmark Process Environment Information:
// BenchmarkDotNet v0.15.2
// Runtime=.NET 8.0.30 (8.0.3026.36720), Arm64 RyuJIT AdvSIMD
// GC=Concurrent Workstation
// HardwareIntrinsics=AdvSIMD,AES,CRC32,DP,RDM,SHA1,SHA256 VectorSize=128
// Job: Job-UWPFQY(Toolchain=InProcessEmitToolchain, MaxIterationCount=20, MinIterationCount=5, RunStrategy=Throughput, WarmupCount=5)

OverheadJitting  1: 1 op, 269461.00 ns, 269.4610 us/op
WorkloadJitting  1: 1 op, 286355.00 ns, 286.3550 us/op

OverheadJitting  2: 16 op, 343784.00 ns, 21.4865 us/op
WorkloadJitting  2: 16 op, 515725.00 ns, 32.2328 us/op

WorkloadPilot    1: 16 op, 190313.00 ns, 11.8946 us/op
WorkloadPilot    2: 32 op, 371001.00 ns, 11.5938 us/op
WorkloadPilot    3: 64 op, 699474.00 ns, 10.9293 us/op
WorkloadPilot    4: 128 op, 1406078.00 ns, 10.9850 us/op
WorkloadPilot    5: 256 op, 2774182.00 ns, 10.8366 us/op
WorkloadPilot    6: 512 op, 5609986.00 ns, 10.9570 us/op
WorkloadPilot    7: 1024 op, 13929899.00 ns, 13.6034 us/op
WorkloadPilot    8: 2048 op, 27850518.00 ns, 13.5989 us/op
WorkloadPilot    9: 4096 op, 45360429.00 ns, 11.0743 us/op
WorkloadPilot   10: 8192 op, 94928925.00 ns, 11.5880 us/op
WorkloadPilot   11: 16384 op, 185569692.00 ns, 11.3263 us/op
WorkloadPilot   12: 32768 op, 364578106.00 ns, 11.1260 us/op
WorkloadPilot   13: 65536 op, 724665885.00 ns, 11.0575 us/op

OverheadWarmup   1: 65536 op, 129643.00 ns, 1.9782 ns/op
OverheadWarmup   2: 65536 op, 124531.00 ns, 1.9002 ns/op
OverheadWarmup   3: 65536 op, 125951.00 ns, 1.9219 ns/op
OverheadWarmup   4: 65536 op, 121225.00 ns, 1.8497 ns/op
OverheadWarmup   5: 65536 op, 120724.00 ns, 1.8421 ns/op
OverheadWarmup   6: 65536 op, 125885.00 ns, 1.9209 ns/op
OverheadWarmup   7: 65536 op, 121224.00 ns, 1.8497 ns/op

OverheadActual   1: 65536 op, 121175.00 ns, 1.8490 ns/op
OverheadActual   2: 65536 op, 125680.00 ns, 1.9177 ns/op
OverheadActual   3: 65536 op, 125442.00 ns, 1.9141 ns/op
OverheadActual   4: 65536 op, 120667.00 ns, 1.8412 ns/op
OverheadActual   5: 65536 op, 123013.00 ns, 1.8770 ns/op
OverheadActual   6: 65536 op, 124137.00 ns, 1.8942 ns/op

WorkloadWarmup   1: 65536 op, 735908528.00 ns, 11.2291 us/op
WorkloadWarmup   2: 65536 op, 727445959.00 ns, 11.0999 us/op
WorkloadWarmup   3: 65536 op, 726154073.00 ns, 11.0802 us/op
WorkloadWarmup   4: 65536 op, 725899448.00 ns, 11.0763 us/op
WorkloadWarmup   5: 65536 op, 727729007.00 ns, 11.1043 us/op

WorkloadActual   1: 65536 op, 727297213.00 ns, 11.0977 us/op
WorkloadActual   2: 65536 op, 725389491.00 ns, 11.0686 us/op
WorkloadActual   3: 65536 op, 725648244.00 ns, 11.0725 us/op
WorkloadActual   4: 65536 op, 725828718.00 ns, 11.0753 us/op
WorkloadActual   5: 65536 op, 724473373.00 ns, 11.0546 us/op

WorkloadResult   1: 65536 op, 725265916.00 ns, 11.0667 us/op
WorkloadResult   2: 65536 op, 725524669.00 ns, 11.0706 us/op
WorkloadResult   3: 65536 op, 725705143.00 ns, 11.0734 us/op
WorkloadResult   4: 65536 op, 724349798.00 ns, 11.0527 us/op
// GC:  31 0 0 530580416 65536
// Threading:  0 0 65536


Mean = 11.066 μs, StdErr = 0.005 μs (0.04%), N = 4, StdDev = 0.009 μs
Min = 11.053 μs, Q1 = 11.063 μs, Median = 11.069 μs, Q3 = 11.071 μs, Max = 11.073 μs
IQR = 0.008 μs, LowerFence = 11.051 μs, UpperFence = 11.084 μs
ConfidenceInterval = [11.006 μs; 11.125 μs] (CI 99.9%), Margin = 0.059 μs (0.54% of Mean)
Skewness = -0.56, Kurtosis = 1.18, MValue = 2

// ** Remained 16 (84.2 %) benchmark(s) to run. Estimated finish 2026-09-11 14:07 (0h 2m from now) **
// **************************
// Benchmark: RpcV2CborBenchmarks.rpcv2Cbor_GetItemOutput_L: Job-UWPFQY(Toolchain=InProcessEmitToolchain, MaxIterationCount=20, MinIterationCount=5, RunStrategy=Throughput, WarmupCount=5)
// *** Execute ***
// Launch: 1 / 1
// ! Failed to set up priority High for process System.Diagnostics.Process (SerdeBenchmarksRunner). Make sure you have the right permissions. Message: Permission denied

// Benchmark Process Environment Information:
// BenchmarkDotNet v0.15.2
// Runtime=.NET 8.0.30 (8.0.3026.36720), Arm64 RyuJIT AdvSIMD
// GC=Concurrent Workstation
// HardwareIntrinsics=AdvSIMD,AES,CRC32,DP,RDM,SHA1,SHA256 VectorSize=128
// Job: Job-UWPFQY(Toolchain=InProcessEmitToolchain, MaxIterationCount=20, MinIterationCount=5, RunStrategy=Throughput, WarmupCount=5)

OverheadJitting  1: 1 op, 242630.00 ns, 242.6300 us/op
WorkloadJitting  1: 1 op, 276583.00 ns, 276.5830 us/op

OverheadJitting  2: 16 op, 324633.00 ns, 20.2896 us/op
WorkloadJitting  2: 16 op, 740549.00 ns, 46.2843 us/op

WorkloadPilot    1: 16 op, 411198.00 ns, 25.6999 us/op
WorkloadPilot    2: 32 op, 805568.00 ns, 25.1740 us/op
WorkloadPilot    3: 64 op, 1601502.00 ns, 25.0235 us/op
WorkloadPilot    4: 128 op, 3180400.00 ns, 24.8469 us/op
WorkloadPilot    5: 256 op, 6366987.00 ns, 24.8710 us/op
WorkloadPilot    6: 512 op, 14930744.00 ns, 29.1616 us/op
WorkloadPilot    7: 1024 op, 28177128.00 ns, 27.5167 us/op
WorkloadPilot    8: 2048 op, 52432223.00 ns, 25.6017 us/op
WorkloadPilot    9: 4096 op, 104963515.00 ns, 25.6259 us/op
WorkloadPilot   10: 8192 op, 207718854.00 ns, 25.3563 us/op
WorkloadPilot   11: 16384 op, 416327479.00 ns, 25.4106 us/op
WorkloadPilot   12: 32768 op, 832565767.00 ns, 25.4079 us/op

OverheadWarmup   1: 32768 op, 66922.00 ns, 2.0423 ns/op
OverheadWarmup   2: 32768 op, 60899.00 ns, 1.8585 ns/op
OverheadWarmup   3: 32768 op, 60883.00 ns, 1.8580 ns/op
OverheadWarmup   4: 32768 op, 61039.00 ns, 1.8628 ns/op
OverheadWarmup   5: 32768 op, 60866.00 ns, 1.8575 ns/op
OverheadWarmup   6: 32768 op, 61137.00 ns, 1.8658 ns/op
OverheadWarmup   7: 32768 op, 60859.00 ns, 1.8573 ns/op

OverheadActual   1: 32768 op, 60653.00 ns, 1.8510 ns/op
OverheadActual   2: 32768 op, 62737.00 ns, 1.9146 ns/op
OverheadActual   3: 32768 op, 61138.00 ns, 1.8658 ns/op
OverheadActual   4: 32768 op, 62286.00 ns, 1.9008 ns/op
OverheadActual   5: 32768 op, 60710.00 ns, 1.8527 ns/op
OverheadActual   6: 32768 op, 61006.00 ns, 1.8618 ns/op

WorkloadWarmup   1: 32768 op, 842270678.00 ns, 25.7041 us/op
WorkloadWarmup   2: 32768 op, 833286214.00 ns, 25.4299 us/op
WorkloadWarmup   3: 32768 op, 837602616.00 ns, 25.5616 us/op
WorkloadWarmup   4: 32768 op, 831284385.00 ns, 25.3688 us/op
WorkloadWarmup   5: 32768 op, 831313103.00 ns, 25.3697 us/op

WorkloadActual   1: 32768 op, 832034411.00 ns, 25.3917 us/op
WorkloadActual   2: 32768 op, 830608004.00 ns, 25.3481 us/op
WorkloadActual   3: 32768 op, 830846088.00 ns, 25.3554 us/op
WorkloadActual   4: 32768 op, 827891021.00 ns, 25.2652 us/op
WorkloadActual   5: 32768 op, 831013385.00 ns, 25.3605 us/op

WorkloadResult   1: 32768 op, 830546932.00 ns, 25.3463 us/op
WorkloadResult   2: 32768 op, 830785016.00 ns, 25.3535 us/op
WorkloadResult   3: 32768 op, 827829949.00 ns, 25.2634 us/op
WorkloadResult   4: 32768 op, 830952313.00 ns, 25.3587 us/op
// GC:  34 1 0 576716800 32768
// Threading:  0 0 32768


Mean = 25.330 μs, StdErr = 0.023 μs (0.09%), N = 4, StdDev = 0.045 μs
Min = 25.263 μs, Q1 = 25.326 μs, Median = 25.350 μs, Q3 = 25.355 μs, Max = 25.359 μs
IQR = 0.029 μs, LowerFence = 25.282 μs, UpperFence = 25.399 μs
ConfidenceInterval = [25.040 μs; 25.621 μs] (CI 99.9%), Margin = 0.291 μs (1.15% of Mean)
Skewness = -0.72, Kurtosis = 1.29, MValue = 2

// ** Remained 15 (78.9 %) benchmark(s) to run. Estimated finish 2026-09-11 14:07 (0h 2m from now) **
// **************************
// Benchmark: RpcV2CborBenchmarks.rpcv2Cbor_GetItemOutputBinary_S: Job-UWPFQY(Toolchain=InProcessEmitToolchain, MaxIterationCount=20, MinIterationCount=5, RunStrategy=Throughput, WarmupCount=5)
// *** Execute ***
// Launch: 1 / 1
// ! Failed to set up priority High for process System.Diagnostics.Process (SerdeBenchmarksRunner). Make sure you have the right permissions. Message: Permission denied

// Benchmark Process Environment Information:
// BenchmarkDotNet v0.15.2
// Runtime=.NET 8.0.30 (8.0.3026.36720), Arm64 RyuJIT AdvSIMD
// GC=Concurrent Workstation
// HardwareIntrinsics=AdvSIMD,AES,CRC32,DP,RDM,SHA1,SHA256 VectorSize=128
// Job: Job-UWPFQY(Toolchain=InProcessEmitToolchain, MaxIterationCount=20, MinIterationCount=5, RunStrategy=Throughput, WarmupCount=5)

OverheadJitting  1: 1 op, 275385.00 ns, 275.3850 us/op
WorkloadJitting  1: 1 op, 1033715.00 ns, 1.0337 ms/op

OverheadJitting  2: 16 op, 331648.00 ns, 20.7280 us/op
WorkloadJitting  2: 16 op, 388642.00 ns, 24.2901 us/op

WorkloadPilot    1: 16 op, 54303.00 ns, 3.3939 us/op
WorkloadPilot    2: 32 op, 86245.00 ns, 2.6952 us/op
WorkloadPilot    3: 64 op, 156745.00 ns, 2.4491 us/op
WorkloadPilot    4: 128 op, 298343.00 ns, 2.3308 us/op
WorkloadPilot    5: 256 op, 582549.00 ns, 2.2756 us/op
WorkloadPilot    6: 512 op, 2015195.00 ns, 3.9359 us/op
WorkloadPilot    7: 1024 op, 2323402.00 ns, 2.2689 us/op
WorkloadPilot    8: 2048 op, 4822659.00 ns, 2.3548 us/op
WorkloadPilot    9: 4096 op, 12749933.00 ns, 3.1128 us/op
WorkloadPilot   10: 8192 op, 27952459.00 ns, 3.4122 us/op
WorkloadPilot   11: 16384 op, 37767009.00 ns, 2.3051 us/op
WorkloadPilot   12: 32768 op, 74776008.00 ns, 2.2820 us/op
WorkloadPilot   13: 65536 op, 143464229.00 ns, 2.1891 us/op
WorkloadPilot   14: 131072 op, 280126807.00 ns, 2.1372 us/op
WorkloadPilot   15: 262144 op, 556779958.00 ns, 2.1239 us/op

OverheadWarmup   1: 262144 op, 501530.00 ns, 1.9132 ns/op
OverheadWarmup   2: 262144 op, 499200.00 ns, 1.9043 ns/op
OverheadWarmup   3: 262144 op, 468102.00 ns, 1.7857 ns/op
OverheadWarmup   4: 262144 op, 465361.00 ns, 1.7752 ns/op
OverheadWarmup   5: 262144 op, 496681.00 ns, 1.8947 ns/op
OverheadWarmup   6: 262144 op, 498823.00 ns, 1.9029 ns/op
OverheadWarmup   7: 262144 op, 468816.00 ns, 1.7884 ns/op
OverheadWarmup   8: 262144 op, 495614.00 ns, 1.8906 ns/op
OverheadWarmup   9: 262144 op, 486613.00 ns, 1.8563 ns/op

OverheadActual   1: 262144 op, 474314.00 ns, 1.8094 ns/op
OverheadActual   2: 262144 op, 519565.00 ns, 1.9820 ns/op
OverheadActual   3: 262144 op, 464385.00 ns, 1.7715 ns/op
OverheadActual   4: 262144 op, 466116.00 ns, 1.7781 ns/op
OverheadActual   5: 262144 op, 494318.00 ns, 1.8857 ns/op
OverheadActual   6: 262144 op, 495122.00 ns, 1.8887 ns/op
OverheadActual   7: 262144 op, 501596.00 ns, 1.9134 ns/op
OverheadActual   8: 262144 op, 455540.00 ns, 1.7377 ns/op
OverheadActual   9: 262144 op, 493210.00 ns, 1.8814 ns/op
OverheadActual  10: 262144 op, 495770.00 ns, 1.8912 ns/op
OverheadActual  11: 262144 op, 494351.00 ns, 1.8858 ns/op
OverheadActual  12: 262144 op, 470399.00 ns, 1.7944 ns/op

WorkloadWarmup   1: 262144 op, 563125791.00 ns, 2.1482 us/op
WorkloadWarmup   2: 262144 op, 553648814.00 ns, 2.1120 us/op
WorkloadWarmup   3: 262144 op, 554996684.00 ns, 2.1171 us/op
WorkloadWarmup   4: 262144 op, 558453536.00 ns, 2.1303 us/op
WorkloadWarmup   5: 262144 op, 559339999.00 ns, 2.1337 us/op

WorkloadActual   1: 262144 op, 559544597.00 ns, 2.1345 us/op
WorkloadActual   2: 262144 op, 559448177.00 ns, 2.1341 us/op
WorkloadActual   3: 262144 op, 550112478.00 ns, 2.0985 us/op
WorkloadActual   4: 262144 op, 559943774.00 ns, 2.1360 us/op
WorkloadActual   5: 262144 op, 560789327.00 ns, 2.1392 us/op
WorkloadActual   6: 262144 op, 556280159.00 ns, 2.1220 us/op
WorkloadActual   7: 262144 op, 566467671.00 ns, 2.1609 us/op

WorkloadResult   1: 262144 op, 559050833.00 ns, 2.1326 us/op
WorkloadResult   2: 262144 op, 558954413.00 ns, 2.1322 us/op
WorkloadResult   3: 262144 op, 549618714.00 ns, 2.0966 us/op
WorkloadResult   4: 262144 op, 559450010.00 ns, 2.1341 us/op
WorkloadResult   5: 262144 op, 560295563.00 ns, 2.1374 us/op
WorkloadResult   6: 262144 op, 555786395.00 ns, 2.1202 us/op
// GC:  35 0 0 587202560 262144
// Threading:  0 0 262144


Mean = 2.126 μs, StdErr = 0.006 μs (0.29%), N = 6, StdDev = 0.015 μs
Min = 2.097 μs, Q1 = 2.123 μs, Median = 2.132 μs, Q3 = 2.134 μs, Max = 2.137 μs
IQR = 0.011 μs, LowerFence = 2.107 μs, UpperFence = 2.150 μs
ConfidenceInterval = [2.083 μs; 2.168 μs] (CI 99.9%), Margin = 0.043 μs (2.02% of Mean)
Skewness = -0.99, Kurtosis = 2.2, MValue = 2

// ** Remained 14 (73.7 %) benchmark(s) to run. Estimated finish 2026-09-11 14:07 (0h 2m from now) **
// **************************
// Benchmark: RpcV2CborBenchmarks.rpcv2Cbor_GetItemOutputBinary_M: Job-UWPFQY(Toolchain=InProcessEmitToolchain, MaxIterationCount=20, MinIterationCount=5, RunStrategy=Throughput, WarmupCount=5)
// *** Execute ***
// Launch: 1 / 1
// ! Failed to set up priority High for process System.Diagnostics.Process (SerdeBenchmarksRunner). Make sure you have the right permissions. Message: Permission denied

// Benchmark Process Environment Information:
// BenchmarkDotNet v0.15.2
// Runtime=.NET 8.0.30 (8.0.3026.36720), Arm64 RyuJIT AdvSIMD
// GC=Concurrent Workstation
// HardwareIntrinsics=AdvSIMD,AES,CRC32,DP,RDM,SHA1,SHA256 VectorSize=128
// Job: Job-UWPFQY(Toolchain=InProcessEmitToolchain, MaxIterationCount=20, MinIterationCount=5, RunStrategy=Throughput, WarmupCount=5)

OverheadJitting  1: 1 op, 250449.00 ns, 250.4490 us/op
WorkloadJitting  1: 1 op, 1536837.00 ns, 1.5368 ms/op

OverheadJitting  2: 16 op, 346705.00 ns, 21.6691 us/op
WorkloadJitting  2: 16 op, 565490.00 ns, 35.3431 us/op

WorkloadPilot    1: 16 op, 135583.00 ns, 8.4739 us/op
WorkloadPilot    2: 32 op, 238035.00 ns, 7.4386 us/op
WorkloadPilot    3: 64 op, 470809.00 ns, 7.3564 us/op
WorkloadPilot    4: 128 op, 929230.00 ns, 7.2596 us/op
WorkloadPilot    5: 256 op, 2122586.00 ns, 8.2914 us/op
WorkloadPilot    6: 512 op, 8592352.00 ns, 16.7819 us/op
WorkloadPilot    7: 1024 op, 7987148.00 ns, 7.7999 us/op
WorkloadPilot    8: 2048 op, 15716652.00 ns, 7.6741 us/op
WorkloadPilot    9: 4096 op, 30960065.00 ns, 7.5586 us/op
WorkloadPilot   10: 8192 op, 62143738.00 ns, 7.5859 us/op
WorkloadPilot   11: 16384 op, 126197506.00 ns, 7.7025 us/op
WorkloadPilot   12: 32768 op, 234392219.00 ns, 7.1531 us/op
WorkloadPilot   13: 65536 op, 471369546.00 ns, 7.1925 us/op
WorkloadPilot   14: 131072 op, 944207908.00 ns, 7.2037 us/op

OverheadWarmup   1: 131072 op, 254667.00 ns, 1.9430 ns/op
OverheadWarmup   2: 131072 op, 253050.00 ns, 1.9306 ns/op
OverheadWarmup   3: 131072 op, 248890.00 ns, 1.8989 ns/op
OverheadWarmup   4: 131072 op, 256907.00 ns, 1.9600 ns/op
OverheadWarmup   5: 131072 op, 268025.00 ns, 2.0449 ns/op
OverheadWarmup   6: 131072 op, 241998.00 ns, 1.8463 ns/op
OverheadWarmup   7: 131072 op, 253452.00 ns, 1.9337 ns/op
OverheadWarmup   8: 131072 op, 247036.00 ns, 1.8847 ns/op

OverheadActual   1: 131072 op, 252812.00 ns, 1.9288 ns/op
OverheadActual   2: 131072 op, 244788.00 ns, 1.8676 ns/op
OverheadActual   3: 131072 op, 243524.00 ns, 1.8579 ns/op
OverheadActual   4: 131072 op, 242031.00 ns, 1.8465 ns/op
OverheadActual   5: 131072 op, 240996.00 ns, 1.8387 ns/op

WorkloadWarmup   1: 131072 op, 947593235.00 ns, 7.2296 us/op
WorkloadWarmup   2: 131072 op, 929782505.00 ns, 7.0937 us/op
WorkloadWarmup   3: 131072 op, 932088254.00 ns, 7.1113 us/op
WorkloadWarmup   4: 131072 op, 933531658.00 ns, 7.1223 us/op
WorkloadWarmup   5: 131072 op, 923406293.00 ns, 7.0450 us/op

WorkloadActual   1: 131072 op, 924206560.00 ns, 7.0511 us/op
WorkloadActual   2: 131072 op, 925847021.00 ns, 7.0637 us/op
WorkloadActual   3: 131072 op, 931148055.00 ns, 7.1041 us/op
WorkloadActual   4: 131072 op, 926014244.00 ns, 7.0649 us/op
WorkloadActual   5: 131072 op, 926110697.00 ns, 7.0657 us/op

WorkloadResult   1: 131072 op, 923963036.00 ns, 7.0493 us/op
WorkloadResult   2: 131072 op, 925603497.00 ns, 7.0618 us/op
WorkloadResult   3: 131072 op, 925770720.00 ns, 7.0631 us/op
WorkloadResult   4: 131072 op, 925867173.00 ns, 7.0638 us/op
// GC:  272 30 0 4570742784 131072
// Threading:  0 0 131072


Mean = 7.059 μs, StdErr = 0.003 μs (0.05%), N = 4, StdDev = 0.007 μs
Min = 7.049 μs, Q1 = 7.059 μs, Median = 7.062 μs, Q3 = 7.063 μs, Max = 7.064 μs
IQR = 0.005 μs, LowerFence = 7.052 μs, UpperFence = 7.070 μs
ConfidenceInterval = [7.015 μs; 7.104 μs] (CI 99.9%), Margin = 0.044 μs (0.63% of Mean)
Skewness = -0.72, Kurtosis = 1.29, MValue = 2

// ** Remained 13 (68.4 %) benchmark(s) to run. Estimated finish 2026-09-11 14:07 (0h 2m from now) **
// **************************
// Benchmark: RpcV2CborBenchmarks.rpcv2Cbor_GetItemOutputBinary_L: Job-UWPFQY(Toolchain=InProcessEmitToolchain, MaxIterationCount=20, MinIterationCount=5, RunStrategy=Throughput, WarmupCount=5)
// *** Execute ***
// Launch: 1 / 1
// ! Failed to set up priority High for process System.Diagnostics.Process (SerdeBenchmarksRunner). Make sure you have the right permissions. Message: Permission denied

// Benchmark Process Environment Information:
// BenchmarkDotNet v0.15.2
// Runtime=.NET 8.0.30 (8.0.3026.36720), Arm64 RyuJIT AdvSIMD
// GC=Concurrent Workstation
// HardwareIntrinsics=AdvSIMD,AES,CRC32,DP,RDM,SHA1,SHA256 VectorSize=128
// Job: Job-UWPFQY(Toolchain=InProcessEmitToolchain, MaxIterationCount=20, MinIterationCount=5, RunStrategy=Throughput, WarmupCount=5)

OverheadJitting  1: 1 op, 239618.00 ns, 239.6180 us/op
WorkloadJitting  1: 1 op, 389266.00 ns, 389.2660 us/op

OverheadJitting  2: 16 op, 328013.00 ns, 20.5008 us/op
WorkloadJitting  2: 16 op, 2972995.00 ns, 185.8122 us/op

WorkloadPilot    1: 16 op, 2225053.00 ns, 139.0658 us/op
WorkloadPilot    2: 32 op, 3928351.00 ns, 122.7610 us/op
WorkloadPilot    3: 64 op, 7021734.00 ns, 109.7146 us/op
WorkloadPilot    4: 128 op, 11942880.00 ns, 93.3038 us/op
WorkloadPilot    5: 256 op, 22802476.00 ns, 89.0722 us/op
WorkloadPilot    6: 512 op, 75178256.00 ns, 146.8325 us/op
WorkloadPilot    7: 1024 op, 109528586.00 ns, 106.9615 us/op
WorkloadPilot    8: 2048 op, 166862565.00 ns, 81.4759 us/op
WorkloadPilot    9: 4096 op, 330068587.00 ns, 80.5832 us/op
WorkloadPilot   10: 8192 op, 666179471.00 ns, 81.3207 us/op

OverheadWarmup   1: 8192 op, 18626.00 ns, 2.2737 ns/op
OverheadWarmup   2: 8192 op, 15581.00 ns, 1.9020 ns/op
OverheadWarmup   3: 8192 op, 15828.00 ns, 1.9321 ns/op
OverheadWarmup   4: 8192 op, 15623.00 ns, 1.9071 ns/op
OverheadWarmup   5: 8192 op, 15467.00 ns, 1.8881 ns/op
OverheadWarmup   6: 8192 op, 15713.00 ns, 1.9181 ns/op
OverheadWarmup   7: 8192 op, 15475.00 ns, 1.8890 ns/op

OverheadActual   1: 8192 op, 16082.00 ns, 1.9631 ns/op
OverheadActual   2: 8192 op, 16115.00 ns, 1.9672 ns/op
OverheadActual   3: 8192 op, 16066.00 ns, 1.9612 ns/op
OverheadActual   4: 8192 op, 15664.00 ns, 1.9121 ns/op
OverheadActual   5: 8192 op, 16124.00 ns, 1.9683 ns/op

WorkloadWarmup   1: 8192 op, 666353767.00 ns, 81.3420 us/op
WorkloadWarmup   2: 8192 op, 657735725.00 ns, 80.2900 us/op
WorkloadWarmup   3: 8192 op, 658032927.00 ns, 80.3263 us/op
WorkloadWarmup   4: 8192 op, 661490149.00 ns, 80.7483 us/op
WorkloadWarmup   5: 8192 op, 658136068.00 ns, 80.3389 us/op

WorkloadActual   1: 8192 op, 663057985.00 ns, 80.9397 us/op
WorkloadActual   2: 8192 op, 663297833.00 ns, 80.9690 us/op
WorkloadActual   3: 8192 op, 666974922.00 ns, 81.4178 us/op
WorkloadActual   4: 8192 op, 671008354.00 ns, 81.9102 us/op
WorkloadActual   5: 8192 op, 672791256.00 ns, 82.1278 us/op
WorkloadActual   6: 8192 op, 665535759.00 ns, 81.2422 us/op

WorkloadResult   1: 8192 op, 663041903.00 ns, 80.9377 us/op
WorkloadResult   2: 8192 op, 663281751.00 ns, 80.9670 us/op
WorkloadResult   3: 8192 op, 666958840.00 ns, 81.4159 us/op
WorkloadResult   4: 8192 op, 670992272.00 ns, 81.9082 us/op
WorkloadResult   5: 8192 op, 672775174.00 ns, 82.1259 us/op
WorkloadResult   6: 8192 op, 665519677.00 ns, 81.2402 us/op
// GC:  353 352 352 2166346264 8192
// Threading:  0 0 8192


Mean = 81.432 μs, StdErr = 0.200 μs (0.25%), N = 6, StdDev = 0.491 μs
Min = 80.938 μs, Q1 = 81.035 μs, Median = 81.328 μs, Q3 = 81.785 μs, Max = 82.126 μs
IQR = 0.750 μs, LowerFence = 79.911 μs, UpperFence = 82.910 μs
ConfidenceInterval = [80.055 μs; 82.810 μs] (CI 99.9%), Margin = 1.377 μs (1.69% of Mean)
Skewness = 0.3, Kurtosis = 1.12, MValue = 2

// ** Remained 12 (63.2 %) benchmark(s) to run. Estimated finish 2026-09-11 14:07 (0h 2m from now) **
// **************************
// Benchmark: RpcV2CborBenchmarks.rpcv2Cbor_PutItemRequest_Baseline: Job-UWPFQY(Toolchain=InProcessEmitToolchain, MaxIterationCount=20, MinIterationCount=5, RunStrategy=Throughput, WarmupCount=5)
// *** Execute ***
// Launch: 1 / 1
// ! Failed to set up priority High for process System.Diagnostics.Process (SerdeBenchmarksRunner). Make sure you have the right permissions. Message: Permission denied

// Benchmark Process Environment Information:
// BenchmarkDotNet v0.15.2
// Runtime=.NET 8.0.30 (8.0.3026.36720), Arm64 RyuJIT AdvSIMD
// GC=Concurrent Workstation
// HardwareIntrinsics=AdvSIMD,AES,CRC32,DP,RDM,SHA1,SHA256 VectorSize=128
// Job: Job-UWPFQY(Toolchain=InProcessEmitToolchain, MaxIterationCount=20, MinIterationCount=5, RunStrategy=Throughput, WarmupCount=5)

OverheadJitting  1: 1 op, 299401.00 ns, 299.4010 us/op
WorkloadJitting  1: 1 op, 11714385.00 ns, 11.7144 ms/op

OverheadJitting  2: 16 op, 723613.00 ns, 45.2258 us/op
WorkloadJitting  2: 16 op, 1104065.00 ns, 69.0041 us/op

WorkloadPilot    1: 16 op, 120420.00 ns, 7.5263 us/op
WorkloadPilot    2: 32 op, 175273.00 ns, 5.4773 us/op
WorkloadPilot    3: 64 op, 307730.00 ns, 4.8083 us/op
WorkloadPilot    4: 128 op, 575975.00 ns, 4.4998 us/op
WorkloadPilot    5: 256 op, 1132914.00 ns, 4.4254 us/op
WorkloadPilot    6: 512 op, 2480897.00 ns, 4.8455 us/op
WorkloadPilot    7: 1024 op, 4449959.00 ns, 4.3457 us/op
WorkloadPilot    8: 2048 op, 8829338.00 ns, 4.3112 us/op
WorkloadPilot    9: 4096 op, 17518087.00 ns, 4.2769 us/op
WorkloadPilot   10: 8192 op, 39001285.00 ns, 4.7609 us/op
WorkloadPilot   11: 16384 op, 66702280.00 ns, 4.0712 us/op
WorkloadPilot   12: 32768 op, 81893703.00 ns, 2.4992 us/op
WorkloadPilot   13: 65536 op, 102205094.00 ns, 1.5595 us/op
WorkloadPilot   14: 131072 op, 202227550.00 ns, 1.5429 us/op
WorkloadPilot   15: 262144 op, 406359341.00 ns, 1.5501 us/op
WorkloadPilot   16: 524288 op, 814706059.00 ns, 1.5539 us/op

OverheadWarmup   1: 524288 op, 1355457.00 ns, 2.5853 ns/op
OverheadWarmup   2: 524288 op, 1350411.00 ns, 2.5757 ns/op
OverheadWarmup   3: 524288 op, 1351683.00 ns, 2.5781 ns/op
OverheadWarmup   4: 524288 op, 1368897.00 ns, 2.6110 ns/op
OverheadWarmup   5: 524288 op, 1351568.00 ns, 2.5779 ns/op
OverheadWarmup   6: 524288 op, 1349911.00 ns, 2.5748 ns/op
OverheadWarmup   7: 524288 op, 1351773.00 ns, 2.5783 ns/op
OverheadWarmup   8: 524288 op, 1349919.00 ns, 2.5748 ns/op

OverheadActual   1: 524288 op, 1368011.00 ns, 2.6093 ns/op
OverheadActual   2: 524288 op, 1351388.00 ns, 2.5776 ns/op
OverheadActual   3: 524288 op, 1351601.00 ns, 2.5780 ns/op
OverheadActual   4: 524288 op, 1349763.00 ns, 2.5745 ns/op
OverheadActual   5: 524288 op, 1349837.00 ns, 2.5746 ns/op

WorkloadWarmup   1: 524288 op, 820332627.00 ns, 1.5647 us/op
WorkloadWarmup   2: 524288 op, 815867223.00 ns, 1.5561 us/op
WorkloadWarmup   3: 524288 op, 812373894.00 ns, 1.5495 us/op
WorkloadWarmup   4: 524288 op, 810496554.00 ns, 1.5459 us/op
WorkloadWarmup   5: 524288 op, 808531165.00 ns, 1.5422 us/op

WorkloadActual   1: 524288 op, 813549207.00 ns, 1.5517 us/op
WorkloadActual   2: 524288 op, 810182211.00 ns, 1.5453 us/op
WorkloadActual   3: 524288 op, 814453493.00 ns, 1.5534 us/op
WorkloadActual   4: 524288 op, 818079865.00 ns, 1.5604 us/op
WorkloadActual   5: 524288 op, 814056842.00 ns, 1.5527 us/op

WorkloadResult   1: 524288 op, 812197819.00 ns, 1.5491 us/op
WorkloadResult   2: 524288 op, 808830823.00 ns, 1.5427 us/op
WorkloadResult   3: 524288 op, 813102105.00 ns, 1.5509 us/op
WorkloadResult   4: 524288 op, 812705454.00 ns, 1.5501 us/op
// GC:  41 0 0 692069232 524288
// Threading:  0 0 524288


Mean = 1.548 μs, StdErr = 0.002 μs (0.12%), N = 4, StdDev = 0.004 μs
Min = 1.543 μs, Q1 = 1.548 μs, Median = 1.550 μs, Q3 = 1.550 μs, Max = 1.551 μs
IQR = 0.003 μs, LowerFence = 1.543 μs, UpperFence = 1.554 μs
ConfidenceInterval = [1.524 μs; 1.572 μs] (CI 99.9%), Margin = 0.024 μs (1.56% of Mean)
Skewness = -0.67, Kurtosis = 1.26, MValue = 2

// ** Remained 11 (57.9 %) benchmark(s) to run. Estimated finish 2026-09-11 14:07 (0h 1m from now) **
// **************************
// Benchmark: RpcV2CborBenchmarks.rpcv2Cbor_PutItemRequest_BinaryData_S: Job-UWPFQY(Toolchain=InProcessEmitToolchain, MaxIterationCount=20, MinIterationCount=5, RunStrategy=Throughput, WarmupCount=5)
// *** Execute ***
// Launch: 1 / 1
// ! Failed to set up priority High for process System.Diagnostics.Process (SerdeBenchmarksRunner). Make sure you have the right permissions. Message: Permission denied

// Benchmark Process Environment Information:
// BenchmarkDotNet v0.15.2
// Runtime=.NET 8.0.30 (8.0.3026.36720), Arm64 RyuJIT AdvSIMD
// GC=Concurrent Workstation
// HardwareIntrinsics=AdvSIMD,AES,CRC32,DP,RDM,SHA1,SHA256 VectorSize=128
// Job: Job-UWPFQY(Toolchain=InProcessEmitToolchain, MaxIterationCount=20, MinIterationCount=5, RunStrategy=Throughput, WarmupCount=5)

OverheadJitting  1: 1 op, 347911.00 ns, 347.9110 us/op
WorkloadJitting  1: 1 op, 621590.00 ns, 621.5900 us/op

OverheadJitting  2: 16 op, 787089.00 ns, 49.1931 us/op
WorkloadJitting  2: 16 op, 819615.00 ns, 51.2259 us/op

WorkloadPilot    1: 16 op, 56378.00 ns, 3.5236 us/op
WorkloadPilot    2: 32 op, 81962.00 ns, 2.5613 us/op
WorkloadPilot    3: 64 op, 141778.00 ns, 2.2153 us/op
WorkloadPilot    4: 128 op, 262404.00 ns, 2.0500 us/op
WorkloadPilot    5: 256 op, 537050.00 ns, 2.0979 us/op
WorkloadPilot    6: 512 op, 1520673.00 ns, 2.9701 us/op
WorkloadPilot    7: 1024 op, 1991531.00 ns, 1.9449 us/op
WorkloadPilot    8: 2048 op, 3990046.00 ns, 1.9483 us/op
WorkloadPilot    9: 4096 op, 9558505.00 ns, 2.3336 us/op
WorkloadPilot   10: 8192 op, 23260265.00 ns, 2.8394 us/op
WorkloadPilot   11: 16384 op, 34966488.00 ns, 2.1342 us/op
WorkloadPilot   12: 32768 op, 68326994.00 ns, 2.0852 us/op
WorkloadPilot   13: 65536 op, 124942062.00 ns, 1.9065 us/op
WorkloadPilot   14: 131072 op, 243579440.00 ns, 1.8584 us/op
WorkloadPilot   15: 262144 op, 484923677.00 ns, 1.8498 us/op
WorkloadPilot   16: 524288 op, 967447954.00 ns, 1.8453 us/op

OverheadWarmup   1: 524288 op, 1313285.00 ns, 2.5049 ns/op
OverheadWarmup   2: 524288 op, 1310454.00 ns, 2.4995 ns/op
OverheadWarmup   3: 524288 op, 1310487.00 ns, 2.4996 ns/op
OverheadWarmup   4: 524288 op, 1309978.00 ns, 2.4986 ns/op
OverheadWarmup   5: 524288 op, 1310085.00 ns, 2.4988 ns/op
OverheadWarmup   6: 524288 op, 1309765.00 ns, 2.4982 ns/op

OverheadActual   1: 524288 op, 1310265.00 ns, 2.4991 ns/op
OverheadActual   2: 524288 op, 1309846.00 ns, 2.4983 ns/op
OverheadActual   3: 524288 op, 1310520.00 ns, 2.4996 ns/op
OverheadActual   4: 524288 op, 1309880.00 ns, 2.4984 ns/op
OverheadActual   5: 524288 op, 1310281.00 ns, 2.4992 ns/op

WorkloadWarmup   1: 524288 op, 978570710.00 ns, 1.8665 us/op
WorkloadWarmup   2: 524288 op, 972462213.00 ns, 1.8548 us/op
WorkloadWarmup   3: 524288 op, 971779287.00 ns, 1.8535 us/op
WorkloadWarmup   4: 524288 op, 968202737.00 ns, 1.8467 us/op
WorkloadWarmup   5: 524288 op, 974166041.00 ns, 1.8581 us/op

WorkloadActual   1: 524288 op, 971597680.00 ns, 1.8532 us/op
WorkloadActual   2: 524288 op, 978002985.00 ns, 1.8654 us/op
WorkloadActual   3: 524288 op, 974808440.00 ns, 1.8593 us/op
WorkloadActual   4: 524288 op, 973903391.00 ns, 1.8576 us/op
WorkloadActual   5: 524288 op, 974255019.00 ns, 1.8582 us/op

WorkloadResult   1: 524288 op, 970287415.00 ns, 1.8507 us/op
WorkloadResult   2: 524288 op, 973498175.00 ns, 1.8568 us/op
WorkloadResult   3: 524288 op, 972593126.00 ns, 1.8551 us/op
WorkloadResult   4: 524288 op, 972944754.00 ns, 1.8557 us/op
// GC:  50 0 0 838871816 524288
// Threading:  0 0 524288


Mean = 1.855 μs, StdErr = 0.001 μs (0.07%), N = 4, StdDev = 0.003 μs
Min = 1.851 μs, Q1 = 1.854 μs, Median = 1.855 μs, Q3 = 1.856 μs, Max = 1.857 μs
IQR = 0.002 μs, LowerFence = 1.851 μs, UpperFence = 1.859 μs
ConfidenceInterval = [1.837 μs; 1.872 μs] (CI 99.9%), Margin = 0.017 μs (0.94% of Mean)
Skewness = -0.59, Kurtosis = 1.22, MValue = 2

// ** Remained 10 (52.6 %) benchmark(s) to run. Estimated finish 2026-09-11 14:07 (0h 1m from now) **
// **************************
// Benchmark: RpcV2CborBenchmarks.rpcv2Cbor_PutItemRequest_BinaryData_M: Job-UWPFQY(Toolchain=InProcessEmitToolchain, MaxIterationCount=20, MinIterationCount=5, RunStrategy=Throughput, WarmupCount=5)
// *** Execute ***
// Launch: 1 / 1
// ! Failed to set up priority High for process System.Diagnostics.Process (SerdeBenchmarksRunner). Make sure you have the right permissions. Message: Permission denied

// Benchmark Process Environment Information:
// BenchmarkDotNet v0.15.2
// Runtime=.NET 8.0.30 (8.0.3026.36720), Arm64 RyuJIT AdvSIMD
// GC=Concurrent Workstation
// HardwareIntrinsics=AdvSIMD,AES,CRC32,DP,RDM,SHA1,SHA256 VectorSize=128
// Job: Job-UWPFQY(Toolchain=InProcessEmitToolchain, MaxIterationCount=20, MinIterationCount=5, RunStrategy=Throughput, WarmupCount=5)

OverheadJitting  1: 1 op, 344375.00 ns, 344.3750 us/op
WorkloadJitting  1: 1 op, 474715.00 ns, 474.7150 us/op

OverheadJitting  2: 16 op, 769186.00 ns, 48.0741 us/op
WorkloadJitting  2: 16 op, 909093.00 ns, 56.8183 us/op

WorkloadPilot    1: 16 op, 139612.00 ns, 8.7258 us/op
WorkloadPilot    2: 32 op, 259983.00 ns, 8.1245 us/op
WorkloadPilot    3: 64 op, 463589.00 ns, 7.2436 us/op
WorkloadPilot    4: 128 op, 921796.00 ns, 7.2015 us/op
WorkloadPilot    5: 256 op, 1930673.00 ns, 7.5417 us/op
WorkloadPilot    6: 512 op, 8772629.00 ns, 17.1340 us/op
WorkloadPilot    7: 1024 op, 7779645.00 ns, 7.5973 us/op
WorkloadPilot    8: 2048 op, 15086495.00 ns, 7.3665 us/op
WorkloadPilot    9: 4096 op, 29852198.00 ns, 7.2881 us/op
WorkloadPilot   10: 8192 op, 59337743.00 ns, 7.2434 us/op
WorkloadPilot   11: 16384 op, 117819496.00 ns, 7.1911 us/op
WorkloadPilot   12: 32768 op, 234661154.00 ns, 7.1613 us/op
WorkloadPilot   13: 65536 op, 488291959.00 ns, 7.4507 us/op
WorkloadPilot   14: 131072 op, 940597698.00 ns, 7.1762 us/op

OverheadWarmup   1: 131072 op, 348453.00 ns, 2.6585 ns/op
OverheadWarmup   2: 131072 op, 353384.00 ns, 2.6961 ns/op
OverheadWarmup   3: 131072 op, 345220.00 ns, 2.6338 ns/op
OverheadWarmup   4: 131072 op, 345212.00 ns, 2.6338 ns/op
OverheadWarmup   5: 131072 op, 345072.00 ns, 2.6327 ns/op
OverheadWarmup   6: 131072 op, 352646.00 ns, 2.6905 ns/op
OverheadWarmup   7: 131072 op, 345031.00 ns, 2.6324 ns/op

OverheadActual   1: 131072 op, 345252.00 ns, 2.6341 ns/op
OverheadActual   2: 131072 op, 345343.00 ns, 2.6348 ns/op
OverheadActual   3: 131072 op, 344966.00 ns, 2.6319 ns/op
OverheadActual   4: 131072 op, 345146.00 ns, 2.6333 ns/op
OverheadActual   5: 131072 op, 345146.00 ns, 2.6333 ns/op

WorkloadWarmup   1: 131072 op, 948610488.00 ns, 7.2373 us/op
WorkloadWarmup   2: 131072 op, 938753492.00 ns, 7.1621 us/op
WorkloadWarmup   3: 131072 op, 938376198.00 ns, 7.1592 us/op
WorkloadWarmup   4: 131072 op, 938154508.00 ns, 7.1576 us/op
WorkloadWarmup   5: 131072 op, 942842897.00 ns, 7.1933 us/op

WorkloadActual   1: 131072 op, 943745930.00 ns, 7.2002 us/op
WorkloadActual   2: 131072 op, 941790674.00 ns, 7.1853 us/op
WorkloadActual   3: 131072 op, 938531389.00 ns, 7.1604 us/op
WorkloadActual   4: 131072 op, 940814797.00 ns, 7.1778 us/op
WorkloadActual   5: 131072 op, 942367159.00 ns, 7.1897 us/op

WorkloadResult   1: 131072 op, 943400784.00 ns, 7.1976 us/op
WorkloadResult   2: 131072 op, 941445528.00 ns, 7.1827 us/op
WorkloadResult   3: 131072 op, 938186243.00 ns, 7.1578 us/op
WorkloadResult   4: 131072 op, 940469651.00 ns, 7.1752 us/op
WorkloadResult   5: 131072 op, 942022013.00 ns, 7.1871 us/op
// GC:  266 1 0 4471185736 131072
// Threading:  0 0 131072


Mean = 7.180 μs, StdErr = 0.007 μs (0.09%), N = 5, StdDev = 0.015 μs
Min = 7.158 μs, Q1 = 7.175 μs, Median = 7.183 μs, Q3 = 7.187 μs, Max = 7.198 μs
IQR = 0.012 μs, LowerFence = 7.157 μs, UpperFence = 7.205 μs
ConfidenceInterval = [7.123 μs; 7.237 μs] (CI 99.9%), Margin = 0.057 μs (0.80% of Mean)
Skewness = -0.33, Kurtosis = 1.41, MValue = 2

// ** Remained 9 (47.4 %) benchmark(s) to run. Estimated finish 2026-09-11 14:07 (0h 1m from now) **
// **************************
// Benchmark: RpcV2CborBenchmarks.rpcv2Cbor_PutItemRequest_BinaryData_L: Job-UWPFQY(Toolchain=InProcessEmitToolchain, MaxIterationCount=20, MinIterationCount=5, RunStrategy=Throughput, WarmupCount=5)
// *** Execute ***
// Launch: 1 / 1
// ! Failed to set up priority High for process System.Diagnostics.Process (SerdeBenchmarksRunner). Make sure you have the right permissions. Message: Permission denied

// Benchmark Process Environment Information:
// BenchmarkDotNet v0.15.2
// Runtime=.NET 8.0.30 (8.0.3026.36720), Arm64 RyuJIT AdvSIMD
// GC=Concurrent Workstation
// HardwareIntrinsics=AdvSIMD,AES,CRC32,DP,RDM,SHA1,SHA256 VectorSize=128
// Job: Job-UWPFQY(Toolchain=InProcessEmitToolchain, MaxIterationCount=20, MinIterationCount=5, RunStrategy=Throughput, WarmupCount=5)

OverheadJitting  1: 1 op, 407744.00 ns, 407.7440 us/op
WorkloadJitting  1: 1 op, 653426.00 ns, 653.4260 us/op

OverheadJitting  2: 16 op, 739523.00 ns, 46.2202 us/op
WorkloadJitting  2: 16 op, 3002149.00 ns, 187.6343 us/op

WorkloadPilot    1: 16 op, 2081888.00 ns, 130.1180 us/op
WorkloadPilot    2: 32 op, 5658577.00 ns, 176.8305 us/op
WorkloadPilot    3: 64 op, 7806173.00 ns, 121.9715 us/op
WorkloadPilot    4: 128 op, 13944799.00 ns, 108.9437 us/op
WorkloadPilot    5: 256 op, 26263660.00 ns, 102.5924 us/op
WorkloadPilot    6: 512 op, 52541015.00 ns, 102.6192 us/op
WorkloadPilot    7: 1024 op, 99888643.00 ns, 97.5475 us/op
WorkloadPilot    8: 2048 op, 189464191.00 ns, 92.5118 us/op
WorkloadPilot    9: 4096 op, 380674256.00 ns, 92.9381 us/op
WorkloadPilot   10: 8192 op, 760921305.00 ns, 92.8859 us/op

OverheadWarmup   1: 8192 op, 24468.00 ns, 2.9868 ns/op
OverheadWarmup   2: 8192 op, 20964.00 ns, 2.5591 ns/op
OverheadWarmup   3: 8192 op, 20891.00 ns, 2.5502 ns/op
OverheadWarmup   4: 8192 op, 20931.00 ns, 2.5551 ns/op
OverheadWarmup   5: 8192 op, 20923.00 ns, 2.5541 ns/op
OverheadWarmup   6: 8192 op, 21129.00 ns, 2.5792 ns/op
OverheadWarmup   7: 8192 op, 20907.00 ns, 2.5521 ns/op

OverheadActual   1: 8192 op, 20793.00 ns, 2.5382 ns/op
OverheadActual   2: 8192 op, 20891.00 ns, 2.5502 ns/op
OverheadActual   3: 8192 op, 20759.00 ns, 2.5341 ns/op
OverheadActual   4: 8192 op, 20833.00 ns, 2.5431 ns/op
OverheadActual   5: 8192 op, 20768.00 ns, 2.5352 ns/op

WorkloadWarmup   1: 8192 op, 768899354.00 ns, 93.8598 us/op
WorkloadWarmup   2: 8192 op, 763777647.00 ns, 93.2346 us/op
WorkloadWarmup   3: 8192 op, 765402690.00 ns, 93.4329 us/op
WorkloadWarmup   4: 8192 op, 768856390.00 ns, 93.8545 us/op
WorkloadWarmup   5: 8192 op, 766892436.00 ns, 93.6148 us/op

WorkloadActual   1: 8192 op, 809358722.00 ns, 98.7987 us/op
WorkloadActual   2: 8192 op, 762132409.00 ns, 93.0337 us/op
WorkloadActual   3: 8192 op, 768780148.00 ns, 93.8452 us/op
WorkloadActual   4: 8192 op, 757390687.00 ns, 92.4549 us/op
WorkloadActual   5: 8192 op, 759124115.00 ns, 92.6665 us/op
WorkloadActual   6: 8192 op, 756046740.00 ns, 92.2909 us/op
WorkloadActual   7: 8192 op, 759261510.00 ns, 92.6833 us/op

WorkloadResult   1: 8192 op, 762111616.00 ns, 93.0312 us/op
WorkloadResult   2: 8192 op, 768759355.00 ns, 93.8427 us/op
WorkloadResult   3: 8192 op, 757369894.00 ns, 92.4524 us/op
WorkloadResult   4: 8192 op, 759103322.00 ns, 92.6640 us/op
WorkloadResult   5: 8192 op, 756025947.00 ns, 92.2883 us/op
WorkloadResult   6: 8192 op, 759240717.00 ns, 92.6808 us/op
// GC:  376 375 375 2160670336 8192
// Threading:  0 0 8192


Mean = 92.827 μs, StdErr = 0.227 μs (0.25%), N = 6, StdDev = 0.557 μs
Min = 92.288 μs, Q1 = 92.505 μs, Median = 92.672 μs, Q3 = 92.944 μs, Max = 93.843 μs
IQR = 0.438 μs, LowerFence = 91.848 μs, UpperFence = 93.601 μs
ConfidenceInterval = [91.264 μs; 94.389 μs] (CI 99.9%), Margin = 1.562 μs (1.68% of Mean)
Skewness = 0.81, Kurtosis = 2.03, MValue = 2

// ** Remained 8 (42.1 %) benchmark(s) to run. Estimated finish 2026-09-11 14:07 (0h 1m from now) **
// **************************
// Benchmark: RpcV2CborBenchmarks.rpcv2Cbor_PutItemRequest_MixedItem_S: Job-UWPFQY(Toolchain=InProcessEmitToolchain, MaxIterationCount=20, MinIterationCount=5, RunStrategy=Throughput, WarmupCount=5)
// *** Execute ***
// Launch: 1 / 1
// ! Failed to set up priority High for process System.Diagnostics.Process (SerdeBenchmarksRunner). Make sure you have the right permissions. Message: Permission denied

// Benchmark Process Environment Information:
// BenchmarkDotNet v0.15.2
// Runtime=.NET 8.0.30 (8.0.3026.36720), Arm64 RyuJIT AdvSIMD
// GC=Concurrent Workstation
// HardwareIntrinsics=AdvSIMD,AES,CRC32,DP,RDM,SHA1,SHA256 VectorSize=128
// Job: Job-UWPFQY(Toolchain=InProcessEmitToolchain, MaxIterationCount=20, MinIterationCount=5, RunStrategy=Throughput, WarmupCount=5)

OverheadJitting  1: 1 op, 285395.00 ns, 285.3950 us/op
WorkloadJitting  1: 1 op, 541933.00 ns, 541.9330 us/op

OverheadJitting  2: 16 op, 755270.00 ns, 47.2044 us/op
WorkloadJitting  2: 16 op, 801301.00 ns, 50.0813 us/op

WorkloadPilot    1: 16 op, 93032.00 ns, 5.8145 us/op
WorkloadPilot    2: 32 op, 124909.00 ns, 3.9034 us/op
WorkloadPilot    3: 64 op, 217923.00 ns, 3.4050 us/op
WorkloadPilot    4: 128 op, 412527.00 ns, 3.2229 us/op
WorkloadPilot    5: 256 op, 793465.00 ns, 3.0995 us/op
WorkloadPilot    6: 512 op, 1838585.00 ns, 3.5910 us/op
WorkloadPilot    7: 1024 op, 3133688.00 ns, 3.0602 us/op
WorkloadPilot    8: 2048 op, 6200272.00 ns, 3.0275 us/op
WorkloadPilot    9: 4096 op, 12325303.00 ns, 3.0091 us/op
WorkloadPilot   10: 8192 op, 27758331.00 ns, 3.3885 us/op
WorkloadPilot   11: 16384 op, 46234862.00 ns, 2.8220 us/op
WorkloadPilot   12: 32768 op, 82932563.00 ns, 2.5309 us/op
WorkloadPilot   13: 65536 op, 163737131.00 ns, 2.4984 us/op
WorkloadPilot   14: 131072 op, 326932608.00 ns, 2.4943 us/op
WorkloadPilot   15: 262144 op, 656708669.00 ns, 2.5051 us/op

OverheadWarmup   1: 262144 op, 702092.00 ns, 2.6783 ns/op
OverheadWarmup   2: 262144 op, 697792.00 ns, 2.6619 ns/op
OverheadWarmup   3: 262144 op, 689554.00 ns, 2.6304 ns/op
OverheadWarmup   4: 262144 op, 689538.00 ns, 2.6304 ns/op
OverheadWarmup   5: 262144 op, 690029.00 ns, 2.6323 ns/op
OverheadWarmup   6: 262144 op, 689537.00 ns, 2.6304 ns/op
OverheadWarmup   7: 262144 op, 689882.00 ns, 2.6317 ns/op
OverheadWarmup   8: 262144 op, 698030.00 ns, 2.6628 ns/op
OverheadWarmup   9: 262144 op, 690071.00 ns, 2.6324 ns/op

OverheadActual   1: 262144 op, 689964.00 ns, 2.6320 ns/op
OverheadActual   2: 262144 op, 689824.00 ns, 2.6315 ns/op
OverheadActual   3: 262144 op, 689857.00 ns, 2.6316 ns/op
OverheadActual   4: 262144 op, 689931.00 ns, 2.6319 ns/op
OverheadActual   5: 262144 op, 707507.00 ns, 2.6989 ns/op

WorkloadWarmup   1: 262144 op, 661714576.00 ns, 2.5242 us/op
WorkloadWarmup   2: 262144 op, 657103005.00 ns, 2.5066 us/op
WorkloadWarmup   3: 262144 op, 653384817.00 ns, 2.4925 us/op
WorkloadWarmup   4: 262144 op, 656586066.00 ns, 2.5047 us/op
WorkloadWarmup   5: 262144 op, 651483970.00 ns, 2.4852 us/op

WorkloadActual   1: 262144 op, 657705567.00 ns, 2.5089 us/op
WorkloadActual   2: 262144 op, 653126120.00 ns, 2.4915 us/op
WorkloadActual   3: 262144 op, 651325829.00 ns, 2.4846 us/op
WorkloadActual   4: 262144 op, 654011058.00 ns, 2.4949 us/op
WorkloadActual   5: 262144 op, 653057008.00 ns, 2.4912 us/op

WorkloadResult   1: 262144 op, 652436189.00 ns, 2.4888 us/op
WorkloadResult   2: 262144 op, 650635898.00 ns, 2.4820 us/op
WorkloadResult   3: 262144 op, 653321127.00 ns, 2.4922 us/op
WorkloadResult   4: 262144 op, 652367077.00 ns, 2.4886 us/op
// GC:  20 0 0 346034616 262144
// Threading:  0 0 262144


Mean = 2.488 μs, StdErr = 0.002 μs (0.09%), N = 4, StdDev = 0.004 μs
Min = 2.482 μs, Q1 = 2.487 μs, Median = 2.489 μs, Q3 = 2.490 μs, Max = 2.492 μs
IQR = 0.003 μs, LowerFence = 2.483 μs, UpperFence = 2.494 μs
ConfidenceInterval = [2.460 μs; 2.516 μs] (CI 99.9%), Margin = 0.028 μs (1.11% of Mean)
Skewness = -0.4, Kurtosis = 1.17, MValue = 2

// ** Remained 7 (36.8 %) benchmark(s) to run. Estimated finish 2026-09-11 14:07 (0h 1m from now) **
// **************************
// Benchmark: RpcV2CborBenchmarks.rpcv2Cbor_PutItemRequest_MixedItem_M: Job-UWPFQY(Toolchain=InProcessEmitToolchain, MaxIterationCount=20, MinIterationCount=5, RunStrategy=Throughput, WarmupCount=5)
// *** Execute ***
// Launch: 1 / 1
// ! Failed to set up priority High for process System.Diagnostics.Process (SerdeBenchmarksRunner). Make sure you have the right permissions. Message: Permission denied

// Benchmark Process Environment Information:
// BenchmarkDotNet v0.15.2
// Runtime=.NET 8.0.30 (8.0.3026.36720), Arm64 RyuJIT AdvSIMD
// GC=Concurrent Workstation
// HardwareIntrinsics=AdvSIMD,AES,CRC32,DP,RDM,SHA1,SHA256 VectorSize=128
// Job: Job-UWPFQY(Toolchain=InProcessEmitToolchain, MaxIterationCount=20, MinIterationCount=5, RunStrategy=Throughput, WarmupCount=5)

OverheadJitting  1: 1 op, 359038.00 ns, 359.0380 us/op
WorkloadJitting  1: 1 op, 565629.00 ns, 565.6290 us/op

OverheadJitting  2: 16 op, 738703.00 ns, 46.1689 us/op
WorkloadJitting  2: 16 op, 884666.00 ns, 55.2916 us/op

WorkloadPilot    1: 16 op, 134254.00 ns, 8.3909 us/op
WorkloadPilot    2: 32 op, 250424.00 ns, 7.8258 us/op
WorkloadPilot    3: 64 op, 476282.00 ns, 7.4419 us/op
WorkloadPilot    4: 128 op, 910694.00 ns, 7.1148 us/op
WorkloadPilot    5: 256 op, 1836501.00 ns, 7.1738 us/op
WorkloadPilot    6: 512 op, 3625224.00 ns, 7.0805 us/op
WorkloadPilot    7: 1024 op, 7451887.00 ns, 7.2772 us/op
WorkloadPilot    8: 2048 op, 14696689.00 ns, 7.1761 us/op
WorkloadPilot    9: 4096 op, 30205410.00 ns, 7.3744 us/op
WorkloadPilot   10: 8192 op, 64056713.00 ns, 7.8194 us/op
WorkloadPilot   11: 16384 op, 124677580.00 ns, 7.6097 us/op
WorkloadPilot   12: 32768 op, 235643104.00 ns, 7.1913 us/op
WorkloadPilot   13: 65536 op, 471825121.00 ns, 7.1995 us/op
WorkloadPilot   14: 131072 op, 941044266.00 ns, 7.1796 us/op

OverheadWarmup   1: 131072 op, 341380.00 ns, 2.6045 ns/op
OverheadWarmup   2: 131072 op, 344236.00 ns, 2.6263 ns/op
OverheadWarmup   3: 131072 op, 344128.00 ns, 2.6255 ns/op
OverheadWarmup   4: 131072 op, 337933.00 ns, 2.5782 ns/op
OverheadWarmup   5: 131072 op, 337794.00 ns, 2.5772 ns/op
OverheadWarmup   6: 131072 op, 337803.00 ns, 2.5772 ns/op
OverheadWarmup   7: 131072 op, 338204.00 ns, 2.5803 ns/op
OverheadWarmup   8: 131072 op, 337893.00 ns, 2.5779 ns/op

OverheadActual   1: 131072 op, 338155.00 ns, 2.5799 ns/op
OverheadActual   2: 131072 op, 337786.00 ns, 2.5771 ns/op
OverheadActual   3: 131072 op, 338237.00 ns, 2.5805 ns/op
OverheadActual   4: 131072 op, 337753.00 ns, 2.5769 ns/op
OverheadActual   5: 131072 op, 338188.00 ns, 2.5802 ns/op

WorkloadWarmup   1: 131072 op, 944509250.00 ns, 7.2060 us/op
WorkloadWarmup   2: 131072 op, 943794769.00 ns, 7.2006 us/op
WorkloadWarmup   3: 131072 op, 939890336.00 ns, 7.1708 us/op
WorkloadWarmup   4: 131072 op, 940300755.00 ns, 7.1739 us/op
WorkloadWarmup   5: 131072 op, 940381191.00 ns, 7.1745 us/op

WorkloadActual   1: 131072 op, 942115684.00 ns, 7.1878 us/op
WorkloadActual   2: 131072 op, 939996289.00 ns, 7.1716 us/op
WorkloadActual   3: 131072 op, 940349600.00 ns, 7.1743 us/op
WorkloadActual   4: 131072 op, 940414643.00 ns, 7.1748 us/op
WorkloadActual   5: 131072 op, 938514502.00 ns, 7.1603 us/op

WorkloadResult   1: 131072 op, 939658134.00 ns, 7.1690 us/op
WorkloadResult   2: 131072 op, 940011445.00 ns, 7.1717 us/op
WorkloadResult   3: 131072 op, 940076488.00 ns, 7.1722 us/op
WorkloadResult   4: 131072 op, 938176347.00 ns, 7.1577 us/op
// GC:  10 0 0 173017416 131072
// Threading:  0 0 131072


Mean = 7.168 μs, StdErr = 0.003 μs (0.05%), N = 4, StdDev = 0.007 μs
Min = 7.158 μs, Q1 = 7.166 μs, Median = 7.170 μs, Q3 = 7.172 μs, Max = 7.172 μs
IQR = 0.006 μs, LowerFence = 7.158 μs, UpperFence = 7.180 μs
ConfidenceInterval = [7.124 μs; 7.211 μs] (CI 99.9%), Margin = 0.044 μs (0.61% of Mean)
Skewness = -0.66, Kurtosis = 1.24, MValue = 2

// ** Remained 6 (31.6 %) benchmark(s) to run. Estimated finish 2026-09-11 14:07 (0h 1m from now) **
// **************************
// Benchmark: RpcV2CborBenchmarks.rpcv2Cbor_PutItemRequest_MixedItem_L: Job-UWPFQY(Toolchain=InProcessEmitToolchain, MaxIterationCount=20, MinIterationCount=5, RunStrategy=Throughput, WarmupCount=5)
// *** Execute ***
// Launch: 1 / 1
// ! Failed to set up priority High for process System.Diagnostics.Process (SerdeBenchmarksRunner). Make sure you have the right permissions. Message: Permission denied

// Benchmark Process Environment Information:
// BenchmarkDotNet v0.15.2
// Runtime=.NET 8.0.30 (8.0.3026.36720), Arm64 RyuJIT AdvSIMD
// GC=Concurrent Workstation
// HardwareIntrinsics=AdvSIMD,AES,CRC32,DP,RDM,SHA1,SHA256 VectorSize=128
// Job: Job-UWPFQY(Toolchain=InProcessEmitToolchain, MaxIterationCount=20, MinIterationCount=5, RunStrategy=Throughput, WarmupCount=5)

OverheadJitting  1: 1 op, 332896.00 ns, 332.8960 us/op
WorkloadJitting  1: 1 op, 387920.00 ns, 387.9200 us/op

OverheadJitting  2: 16 op, 749690.00 ns, 46.8556 us/op
WorkloadJitting  2: 16 op, 1077785.00 ns, 67.3616 us/op

WorkloadPilot    1: 16 op, 317429.00 ns, 19.8393 us/op
WorkloadPilot    2: 32 op, 608617.00 ns, 19.0193 us/op
WorkloadPilot    3: 64 op, 1158262.00 ns, 18.0978 us/op
WorkloadPilot    4: 128 op, 2336563.00 ns, 18.2544 us/op
WorkloadPilot    5: 256 op, 4549883.00 ns, 17.7730 us/op
WorkloadPilot    6: 512 op, 9360668.00 ns, 18.2826 us/op
WorkloadPilot    7: 1024 op, 18261948.00 ns, 17.8339 us/op
WorkloadPilot    8: 2048 op, 36624484.00 ns, 17.8830 us/op
WorkloadPilot    9: 4096 op, 73592498.00 ns, 17.9669 us/op
WorkloadPilot   10: 8192 op, 153066494.00 ns, 18.6849 us/op
WorkloadPilot   11: 16384 op, 300143574.00 ns, 18.3193 us/op
WorkloadPilot   12: 32768 op, 581935376.00 ns, 17.7593 us/op

OverheadWarmup   1: 32768 op, 97618.00 ns, 2.9791 ns/op
OverheadWarmup   2: 32768 op, 85039.00 ns, 2.5952 ns/op
OverheadWarmup   3: 32768 op, 84892.00 ns, 2.5907 ns/op
OverheadWarmup   4: 32768 op, 84843.00 ns, 2.5892 ns/op
OverheadWarmup   5: 32768 op, 85048.00 ns, 2.5955 ns/op
OverheadWarmup   6: 32768 op, 84900.00 ns, 2.5909 ns/op
OverheadWarmup   7: 32768 op, 84826.00 ns, 2.5887 ns/op
OverheadWarmup   8: 32768 op, 84883.00 ns, 2.5904 ns/op
OverheadWarmup   9: 32768 op, 84900.00 ns, 2.5909 ns/op
OverheadWarmup  10: 32768 op, 84834.00 ns, 2.5889 ns/op

OverheadActual   1: 32768 op, 84941.00 ns, 2.5922 ns/op
OverheadActual   2: 32768 op, 84908.00 ns, 2.5912 ns/op
OverheadActual   3: 32768 op, 84793.00 ns, 2.5877 ns/op
OverheadActual   4: 32768 op, 84933.00 ns, 2.5919 ns/op
OverheadActual   5: 32768 op, 84941.00 ns, 2.5922 ns/op

WorkloadWarmup   1: 32768 op, 590671016.00 ns, 18.0258 us/op
WorkloadWarmup   2: 32768 op, 586239109.00 ns, 17.8906 us/op
WorkloadWarmup   3: 32768 op, 583090324.00 ns, 17.7945 us/op
WorkloadWarmup   4: 32768 op, 582002241.00 ns, 17.7613 us/op
WorkloadWarmup   5: 32768 op, 581900413.00 ns, 17.7582 us/op

WorkloadActual   1: 32768 op, 586102853.00 ns, 17.8864 us/op
WorkloadActual   2: 32768 op, 582629385.00 ns, 17.7804 us/op
WorkloadActual   3: 32768 op, 580425986.00 ns, 17.7132 us/op
WorkloadActual   4: 32768 op, 581296079.00 ns, 17.7397 us/op
WorkloadActual   5: 32768 op, 582134066.00 ns, 17.7653 us/op

WorkloadResult   1: 32768 op, 582544452.00 ns, 17.7778 us/op
WorkloadResult   2: 32768 op, 580341053.00 ns, 17.7106 us/op
WorkloadResult   3: 32768 op, 581211146.00 ns, 17.7372 us/op
WorkloadResult   4: 32768 op, 582049133.00 ns, 17.7627 us/op
// GC:  2 0 0 43254408 32768
// Threading:  0 0 32768


Mean = 17.747 μs, StdErr = 0.015 μs (0.08%), N = 4, StdDev = 0.030 μs
Min = 17.711 μs, Q1 = 17.731 μs, Median = 17.750 μs, Q3 = 17.767 μs, Max = 17.778 μs
IQR = 0.036 μs, LowerFence = 17.677 μs, UpperFence = 17.820 μs
ConfidenceInterval = [17.556 μs; 17.938 μs] (CI 99.9%), Margin = 0.191 μs (1.08% of Mean)
Skewness = -0.16, Kurtosis = 0.9, MValue = 2

// ** Remained 5 (26.3 %) benchmark(s) to run. Estimated finish 2026-09-11 14:07 (0h 0m from now) **
// **************************
// Benchmark: RpcV2CborBenchmarks.rpcv2Cbor_PutItemRequest_Nested_M: Job-UWPFQY(Toolchain=InProcessEmitToolchain, MaxIterationCount=20, MinIterationCount=5, RunStrategy=Throughput, WarmupCount=5)
// *** Execute ***
// Launch: 1 / 1
// ! Failed to set up priority High for process System.Diagnostics.Process (SerdeBenchmarksRunner). Make sure you have the right permissions. Message: Permission denied

// Benchmark Process Environment Information:
// BenchmarkDotNet v0.15.2
// Runtime=.NET 8.0.30 (8.0.3026.36720), Arm64 RyuJIT AdvSIMD
// GC=Concurrent Workstation
// HardwareIntrinsics=AdvSIMD,AES,CRC32,DP,RDM,SHA1,SHA256 VectorSize=128
// Job: Job-UWPFQY(Toolchain=InProcessEmitToolchain, MaxIterationCount=20, MinIterationCount=5, RunStrategy=Throughput, WarmupCount=5)

OverheadJitting  1: 1 op, 311029.00 ns, 311.0290 us/op
WorkloadJitting  1: 1 op, 371592.00 ns, 371.5920 us/op

OverheadJitting  2: 16 op, 734231.00 ns, 45.8894 us/op
WorkloadJitting  2: 16 op, 869200.00 ns, 54.3250 us/op

WorkloadPilot    1: 16 op, 83251.00 ns, 5.2032 us/op
WorkloadPilot    2: 32 op, 149417.00 ns, 4.6693 us/op
WorkloadPilot    3: 64 op, 272915.00 ns, 4.2643 us/op
WorkloadPilot    4: 128 op, 526950.00 ns, 4.1168 us/op
WorkloadPilot    5: 256 op, 1035602.00 ns, 4.0453 us/op
WorkloadPilot    6: 512 op, 2542884.00 ns, 4.9666 us/op
WorkloadPilot    7: 1024 op, 4123981.00 ns, 4.0273 us/op
WorkloadPilot    8: 2048 op, 8312143.00 ns, 4.0587 us/op
WorkloadPilot    9: 4096 op, 17893408.00 ns, 4.3685 us/op
WorkloadPilot   10: 8192 op, 40118194.00 ns, 4.8972 us/op
WorkloadPilot   11: 16384 op, 71807821.00 ns, 4.3828 us/op
WorkloadPilot   12: 32768 op, 135627000.00 ns, 4.1390 us/op
WorkloadPilot   13: 65536 op, 269539380.00 ns, 4.1128 us/op
WorkloadPilot   14: 131072 op, 540863172.00 ns, 4.1265 us/op

OverheadWarmup   1: 131072 op, 347764.00 ns, 2.6532 ns/op
OverheadWarmup   2: 131072 op, 327866.00 ns, 2.5014 ns/op
OverheadWarmup   3: 131072 op, 328046.00 ns, 2.5028 ns/op
OverheadWarmup   4: 131072 op, 327965.00 ns, 2.5022 ns/op
OverheadWarmup   5: 131072 op, 328029.00 ns, 2.5027 ns/op
OverheadWarmup   6: 131072 op, 327751.00 ns, 2.5005 ns/op

OverheadActual   1: 131072 op, 327932.00 ns, 2.5019 ns/op
OverheadActual   2: 131072 op, 327817.00 ns, 2.5010 ns/op
OverheadActual   3: 131072 op, 336760.00 ns, 2.5693 ns/op
OverheadActual   4: 131072 op, 327775.00 ns, 2.5007 ns/op
OverheadActual   5: 131072 op, 327932.00 ns, 2.5019 ns/op

WorkloadWarmup   1: 131072 op, 546920534.00 ns, 4.1727 us/op
WorkloadWarmup   2: 131072 op, 544439697.00 ns, 4.1537 us/op
WorkloadWarmup   3: 131072 op, 543044589.00 ns, 4.1431 us/op
WorkloadWarmup   4: 131072 op, 540807499.00 ns, 4.1260 us/op
WorkloadWarmup   5: 131072 op, 538771339.00 ns, 4.1105 us/op

WorkloadActual   1: 131072 op, 542541681.00 ns, 4.1393 us/op
WorkloadActual   2: 131072 op, 539967469.00 ns, 4.1196 us/op
WorkloadActual   3: 131072 op, 540350851.00 ns, 4.1225 us/op
WorkloadActual   4: 131072 op, 540417462.00 ns, 4.1231 us/op
WorkloadActual   5: 131072 op, 539659337.00 ns, 4.1173 us/op

WorkloadResult   1: 131072 op, 539639537.00 ns, 4.1171 us/op
WorkloadResult   2: 131072 op, 540022919.00 ns, 4.1200 us/op
WorkloadResult   3: 131072 op, 540089530.00 ns, 4.1206 us/op
WorkloadResult   4: 131072 op, 539331405.00 ns, 4.1148 us/op
// GC:  10 0 0 173017416 131072
// Threading:  0 0 131072


Mean = 4.118 μs, StdErr = 0.001 μs (0.03%), N = 4, StdDev = 0.003 μs
Min = 4.115 μs, Q1 = 4.117 μs, Median = 4.119 μs, Q3 = 4.120 μs, Max = 4.121 μs
IQR = 0.004 μs, LowerFence = 4.111 μs, UpperFence = 4.126 μs
ConfidenceInterval = [4.101 μs; 4.136 μs] (CI 99.9%), Margin = 0.017 μs (0.42% of Mean)
Skewness = -0.22, Kurtosis = 0.83, MValue = 2

// ** Remained 4 (21.1 %) benchmark(s) to run. Estimated finish 2026-09-11 14:07 (0h 0m from now) **
// **************************
// Benchmark: RpcV2CborBenchmarks.rpcv2Cbor_PutItemRequest_Nested_L: Job-UWPFQY(Toolchain=InProcessEmitToolchain, MaxIterationCount=20, MinIterationCount=5, RunStrategy=Throughput, WarmupCount=5)
// *** Execute ***
// Launch: 1 / 1
// ! Failed to set up priority High for process System.Diagnostics.Process (SerdeBenchmarksRunner). Make sure you have the right permissions. Message: Permission denied

// Benchmark Process Environment Information:
// BenchmarkDotNet v0.15.2
// Runtime=.NET 8.0.30 (8.0.3026.36720), Arm64 RyuJIT AdvSIMD
// GC=Concurrent Workstation
// HardwareIntrinsics=AdvSIMD,AES,CRC32,DP,RDM,SHA1,SHA256 VectorSize=128
// Job: Job-UWPFQY(Toolchain=InProcessEmitToolchain, MaxIterationCount=20, MinIterationCount=5, RunStrategy=Throughput, WarmupCount=5)

OverheadJitting  1: 1 op, 296571.00 ns, 296.5710 us/op
WorkloadJitting  1: 1 op, 349946.00 ns, 349.9460 us/op

OverheadJitting  2: 16 op, 761136.00 ns, 47.5710 us/op
WorkloadJitting  2: 16 op, 881540.00 ns, 55.0963 us/op

WorkloadPilot    1: 16 op, 161947.00 ns, 10.1217 us/op
WorkloadPilot    2: 32 op, 303521.00 ns, 9.4850 us/op
WorkloadPilot    3: 64 op, 589014.00 ns, 9.2033 us/op
WorkloadPilot    4: 128 op, 1177217.00 ns, 9.1970 us/op
WorkloadPilot    5: 256 op, 2326158.00 ns, 9.0866 us/op
WorkloadPilot    6: 512 op, 4699366.00 ns, 9.1784 us/op
WorkloadPilot    7: 1024 op, 9543490.00 ns, 9.3198 us/op
WorkloadPilot    8: 2048 op, 18969873.00 ns, 9.2626 us/op
WorkloadPilot    9: 4096 op, 38151696.00 ns, 9.3144 us/op
WorkloadPilot   10: 8192 op, 79619319.00 ns, 9.7192 us/op
WorkloadPilot   11: 16384 op, 156474581.00 ns, 9.5505 us/op
WorkloadPilot   12: 32768 op, 302244563.00 ns, 9.2238 us/op
WorkloadPilot   13: 65536 op, 606384876.00 ns, 9.2527 us/op

OverheadWarmup   1: 65536 op, 181919.00 ns, 2.7759 ns/op
OverheadWarmup   2: 65536 op, 164122.00 ns, 2.5043 ns/op
OverheadWarmup   3: 65536 op, 163892.00 ns, 2.5008 ns/op
OverheadWarmup   4: 65536 op, 163950.00 ns, 2.5017 ns/op
OverheadWarmup   5: 65536 op, 164040.00 ns, 2.5031 ns/op
OverheadWarmup   6: 65536 op, 163990.00 ns, 2.5023 ns/op
OverheadWarmup   7: 65536 op, 172220.00 ns, 2.6279 ns/op
OverheadWarmup   8: 65536 op, 163859.00 ns, 2.5003 ns/op

OverheadActual   1: 65536 op, 163851.00 ns, 2.5002 ns/op
OverheadActual   2: 65536 op, 163916.00 ns, 2.5012 ns/op
OverheadActual   3: 65536 op, 163941.00 ns, 2.5015 ns/op
OverheadActual   4: 65536 op, 163883.00 ns, 2.5007 ns/op
OverheadActual   5: 65536 op, 163933.00 ns, 2.5014 ns/op

WorkloadWarmup   1: 65536 op, 611102901.00 ns, 9.3247 us/op
WorkloadWarmup   2: 65536 op, 606356117.00 ns, 9.2523 us/op
WorkloadWarmup   3: 65536 op, 605403765.00 ns, 9.2377 us/op
WorkloadWarmup   4: 65536 op, 608260672.00 ns, 9.2813 us/op
WorkloadWarmup   5: 65536 op, 604036350.00 ns, 9.2169 us/op

WorkloadActual   1: 65536 op, 608553896.00 ns, 9.2858 us/op
WorkloadActual   2: 65536 op, 605319046.00 ns, 9.2364 us/op
WorkloadActual   3: 65536 op, 606283484.00 ns, 9.2512 us/op
WorkloadActual   4: 65536 op, 606294380.00 ns, 9.2513 us/op
WorkloadActual   5: 65536 op, 603877808.00 ns, 9.2144 us/op

WorkloadResult   1: 65536 op, 605155130.00 ns, 9.2339 us/op
WorkloadResult   2: 65536 op, 606119568.00 ns, 9.2487 us/op
WorkloadResult   3: 65536 op, 606130464.00 ns, 9.2488 us/op
WorkloadResult   4: 65536 op, 603713892.00 ns, 9.2119 us/op
// GC:  5 0 0 86508816 65536
// Threading:  0 0 65536


Mean = 9.236 μs, StdErr = 0.009 μs (0.09%), N = 4, StdDev = 0.017 μs
Min = 9.212 μs, Q1 = 9.228 μs, Median = 9.241 μs, Q3 = 9.249 μs, Max = 9.249 μs
IQR = 0.020 μs, LowerFence = 9.198 μs, UpperFence = 9.279 μs
ConfidenceInterval = [9.123 μs; 9.348 μs] (CI 99.9%), Margin = 0.112 μs (1.22% of Mean)
Skewness = -0.44, Kurtosis = 1.04, MValue = 2

// ** Remained 3 (15.8 %) benchmark(s) to run. Estimated finish 2026-09-11 14:07 (0h 0m from now) **
// **************************
// Benchmark: RpcV2CborBenchmarks.rpcv2Cbor_PutItemRequest_ShallowMap_S: Job-UWPFQY(Toolchain=InProcessEmitToolchain, MaxIterationCount=20, MinIterationCount=5, RunStrategy=Throughput, WarmupCount=5)
// *** Execute ***
// Launch: 1 / 1
// ! Failed to set up priority High for process System.Diagnostics.Process (SerdeBenchmarksRunner). Make sure you have the right permissions. Message: Permission denied

// Benchmark Process Environment Information:
// BenchmarkDotNet v0.15.2
// Runtime=.NET 8.0.30 (8.0.3026.36720), Arm64 RyuJIT AdvSIMD
// GC=Concurrent Workstation
// HardwareIntrinsics=AdvSIMD,AES,CRC32,DP,RDM,SHA1,SHA256 VectorSize=128
// Job: Job-UWPFQY(Toolchain=InProcessEmitToolchain, MaxIterationCount=20, MinIterationCount=5, RunStrategy=Throughput, WarmupCount=5)

OverheadJitting  1: 1 op, 288997.00 ns, 288.9970 us/op
WorkloadJitting  1: 1 op, 332650.00 ns, 332.6500 us/op

OverheadJitting  2: 16 op, 728766.00 ns, 45.5479 us/op
WorkloadJitting  2: 16 op, 781453.00 ns, 48.8408 us/op

WorkloadPilot    1: 16 op, 59784.00 ns, 3.7365 us/op
WorkloadPilot    2: 32 op, 102360.00 ns, 3.1988 us/op
WorkloadPilot    3: 64 op, 189402.00 ns, 2.9594 us/op
WorkloadPilot    4: 128 op, 356198.00 ns, 2.7828 us/op
WorkloadPilot    5: 256 op, 697956.00 ns, 2.7264 us/op
WorkloadPilot    6: 512 op, 1400417.00 ns, 2.7352 us/op
WorkloadPilot    7: 1024 op, 2799503.00 ns, 2.7339 us/op
WorkloadPilot    8: 2048 op, 5552779.00 ns, 2.7113 us/op
WorkloadPilot    9: 4096 op, 11966945.00 ns, 2.9216 us/op
WorkloadPilot   10: 8192 op, 26984345.00 ns, 3.2940 us/op
WorkloadPilot   11: 16384 op, 49893252.00 ns, 3.0452 us/op
WorkloadPilot   12: 32768 op, 89832645.00 ns, 2.7415 us/op
WorkloadPilot   13: 65536 op, 179707915.00 ns, 2.7421 us/op
WorkloadPilot   14: 131072 op, 359183162.00 ns, 2.7404 us/op
WorkloadPilot   15: 262144 op, 717462155.00 ns, 2.7369 us/op

OverheadWarmup   1: 262144 op, 659128.00 ns, 2.5144 ns/op
OverheadWarmup   2: 262144 op, 663650.00 ns, 2.5316 ns/op
OverheadWarmup   3: 262144 op, 655478.00 ns, 2.5005 ns/op
OverheadWarmup   4: 262144 op, 655338.00 ns, 2.4999 ns/op
OverheadWarmup   5: 262144 op, 655370.00 ns, 2.5000 ns/op
OverheadWarmup   6: 262144 op, 655206.00 ns, 2.4994 ns/op

OverheadActual   1: 262144 op, 655281.00 ns, 2.4997 ns/op
OverheadActual   2: 262144 op, 655510.00 ns, 2.5006 ns/op
OverheadActual   3: 262144 op, 663502.00 ns, 2.5311 ns/op
OverheadActual   4: 262144 op, 655436.00 ns, 2.5003 ns/op
OverheadActual   5: 262144 op, 655264.00 ns, 2.4996 ns/op

WorkloadWarmup   1: 262144 op, 722467388.00 ns, 2.7560 us/op
WorkloadWarmup   2: 262144 op, 721648800.00 ns, 2.7529 us/op
WorkloadWarmup   3: 262144 op, 715375781.00 ns, 2.7289 us/op
WorkloadWarmup   4: 262144 op, 717065885.00 ns, 2.7354 us/op
WorkloadWarmup   5: 262144 op, 715790942.00 ns, 2.7305 us/op

WorkloadActual   1: 262144 op, 718126570.00 ns, 2.7394 us/op
WorkloadActual   2: 262144 op, 718428269.00 ns, 2.7406 us/op
WorkloadActual   3: 262144 op, 717624113.00 ns, 2.7375 us/op
WorkloadActual   4: 262144 op, 716844892.00 ns, 2.7345 us/op
WorkloadActual   5: 262144 op, 718588436.00 ns, 2.7412 us/op

WorkloadResult   1: 262144 op, 717471134.00 ns, 2.7369 us/op
WorkloadResult   2: 262144 op, 717772833.00 ns, 2.7381 us/op
WorkloadResult   3: 262144 op, 716968677.00 ns, 2.7350 us/op
WorkloadResult   4: 262144 op, 716189456.00 ns, 2.7320 us/op
WorkloadResult   5: 262144 op, 717933000.00 ns, 2.7387 us/op
// GC:  20 0 0 346034616 262144
// Threading:  0 0 262144


Mean = 2.736 μs, StdErr = 0.001 μs (0.04%), N = 5, StdDev = 0.003 μs
Min = 2.732 μs, Q1 = 2.735 μs, Median = 2.737 μs, Q3 = 2.738 μs, Max = 2.739 μs
IQR = 0.003 μs, LowerFence = 2.730 μs, UpperFence = 2.743 μs
ConfidenceInterval = [2.726 μs; 2.747 μs] (CI 99.9%), Margin = 0.010 μs (0.38% of Mean)
Skewness = -0.48, Kurtosis = 1.31, MValue = 2

// ** Remained 2 (10.5 %) benchmark(s) to run. Estimated finish 2026-09-11 14:07 (0h 0m from now) **
// **************************
// Benchmark: RpcV2CborBenchmarks.rpcv2Cbor_PutItemRequest_ShallowMap_M: Job-UWPFQY(Toolchain=InProcessEmitToolchain, MaxIterationCount=20, MinIterationCount=5, RunStrategy=Throughput, WarmupCount=5)
// *** Execute ***
// Launch: 1 / 1
// ! Failed to set up priority High for process System.Diagnostics.Process (SerdeBenchmarksRunner). Make sure you have the right permissions. Message: Permission denied

// Benchmark Process Environment Information:
// BenchmarkDotNet v0.15.2
// Runtime=.NET 8.0.30 (8.0.3026.36720), Arm64 RyuJIT AdvSIMD
// GC=Concurrent Workstation
// HardwareIntrinsics=AdvSIMD,AES,CRC32,DP,RDM,SHA1,SHA256 VectorSize=128
// Job: Job-UWPFQY(Toolchain=InProcessEmitToolchain, MaxIterationCount=20, MinIterationCount=5, RunStrategy=Throughput, WarmupCount=5)

OverheadJitting  1: 1 op, 311669.00 ns, 311.6690 us/op
WorkloadJitting  1: 1 op, 359390.00 ns, 359.3900 us/op

OverheadJitting  2: 16 op, 752775.00 ns, 47.0484 us/op
WorkloadJitting  2: 16 op, 963011.00 ns, 60.1882 us/op

WorkloadPilot    1: 16 op, 240127.00 ns, 15.0079 us/op
WorkloadPilot    2: 32 op, 413406.00 ns, 12.9189 us/op
WorkloadPilot    3: 64 op, 813453.00 ns, 12.7102 us/op
WorkloadPilot    4: 128 op, 1570815.00 ns, 12.2720 us/op
WorkloadPilot    5: 256 op, 3168782.00 ns, 12.3781 us/op
WorkloadPilot    6: 512 op, 6699012.00 ns, 13.0840 us/op
WorkloadPilot    7: 1024 op, 12659798.00 ns, 12.3631 us/op
WorkloadPilot    8: 2048 op, 25218836.00 ns, 12.3139 us/op
WorkloadPilot    9: 4096 op, 50614675.00 ns, 12.3571 us/op
WorkloadPilot   10: 8192 op, 106462616.00 ns, 12.9959 us/op
WorkloadPilot   11: 16384 op, 205761300.00 ns, 12.5587 us/op
WorkloadPilot   12: 32768 op, 401894630.00 ns, 12.2649 us/op
WorkloadPilot   13: 65536 op, 800767739.00 ns, 12.2187 us/op

OverheadWarmup   1: 65536 op, 167913.00 ns, 2.5621 ns/op
OverheadWarmup   2: 65536 op, 164229.00 ns, 2.5059 ns/op
OverheadWarmup   3: 65536 op, 164154.00 ns, 2.5048 ns/op
OverheadWarmup   4: 65536 op, 164113.00 ns, 2.5042 ns/op
OverheadWarmup   5: 65536 op, 164138.00 ns, 2.5045 ns/op
OverheadWarmup   6: 65536 op, 164170.00 ns, 2.5050 ns/op
OverheadWarmup   7: 65536 op, 164105.00 ns, 2.5040 ns/op
OverheadWarmup   8: 65536 op, 164285.00 ns, 2.5068 ns/op
OverheadWarmup   9: 65536 op, 159535.00 ns, 2.4343 ns/op

OverheadActual   1: 65536 op, 164270.00 ns, 2.5066 ns/op
OverheadActual   2: 65536 op, 164187.00 ns, 2.5053 ns/op
OverheadActual   3: 65536 op, 164302.00 ns, 2.5070 ns/op
OverheadActual   4: 65536 op, 164048.00 ns, 2.5032 ns/op
OverheadActual   5: 65536 op, 164073.00 ns, 2.5036 ns/op

WorkloadWarmup   1: 65536 op, 811391902.00 ns, 12.3809 us/op
WorkloadWarmup   2: 65536 op, 806636864.00 ns, 12.3083 us/op
WorkloadWarmup   3: 65536 op, 801410350.00 ns, 12.2286 us/op
WorkloadWarmup   4: 65536 op, 802401431.00 ns, 12.2437 us/op
WorkloadWarmup   5: 65536 op, 799787399.00 ns, 12.2038 us/op

WorkloadActual   1: 65536 op, 805680467.00 ns, 12.2937 us/op
WorkloadActual   2: 65536 op, 802406716.00 ns, 12.2438 us/op
WorkloadActual   3: 65536 op, 800223828.00 ns, 12.2104 us/op
WorkloadActual   4: 65536 op, 801932493.00 ns, 12.2365 us/op
WorkloadActual   5: 65536 op, 799801183.00 ns, 12.2040 us/op

WorkloadResult   1: 65536 op, 805516280.00 ns, 12.2912 us/op
WorkloadResult   2: 65536 op, 802242529.00 ns, 12.2412 us/op
WorkloadResult   3: 65536 op, 800059641.00 ns, 12.2079 us/op
WorkloadResult   4: 65536 op, 801768306.00 ns, 12.2340 us/op
WorkloadResult   5: 65536 op, 799636996.00 ns, 12.2015 us/op
// GC:  5 0 0 86508816 65536
// Threading:  0 0 65536


Mean = 12.235 μs, StdErr = 0.016 μs (0.13%), N = 5, StdDev = 0.036 μs
Min = 12.201 μs, Q1 = 12.208 μs, Median = 12.234 μs, Q3 = 12.241 μs, Max = 12.291 μs
IQR = 0.033 μs, LowerFence = 12.158 μs, UpperFence = 12.291 μs
ConfidenceInterval = [12.098 μs; 12.372 μs] (CI 99.9%), Margin = 0.137 μs (1.12% of Mean)
Skewness = 0.52, Kurtosis = 1.46, MValue = 2

// ** Remained 1 (5.3 %) benchmark(s) to run. Estimated finish 2026-09-11 14:07 (0h 0m from now) **
// **************************
// Benchmark: RpcV2CborBenchmarks.rpcv2Cbor_PutItemRequest_ShallowMap_L: Job-UWPFQY(Toolchain=InProcessEmitToolchain, MaxIterationCount=20, MinIterationCount=5, RunStrategy=Throughput, WarmupCount=5)
// *** Execute ***
// Launch: 1 / 1
// ! Failed to set up priority High for process System.Diagnostics.Process (SerdeBenchmarksRunner). Make sure you have the right permissions. Message: Permission denied

// Benchmark Process Environment Information:
// BenchmarkDotNet v0.15.2
// Runtime=.NET 8.0.30 (8.0.3026.36720), Arm64 RyuJIT AdvSIMD
// GC=Concurrent Workstation
// HardwareIntrinsics=AdvSIMD,AES,CRC32,DP,RDM,SHA1,SHA256 VectorSize=128
// Job: Job-UWPFQY(Toolchain=InProcessEmitToolchain, MaxIterationCount=20, MinIterationCount=5, RunStrategy=Throughput, WarmupCount=5)

OverheadJitting  1: 1 op, 303431.00 ns, 303.4310 us/op
WorkloadJitting  1: 1 op, 487540.00 ns, 487.5400 us/op

OverheadJitting  2: 16 op, 740763.00 ns, 46.2977 us/op
WorkloadJitting  2: 16 op, 2485389.00 ns, 155.3368 us/op

WorkloadPilot    1: 16 op, 1735413.00 ns, 108.4633 us/op
WorkloadPilot    2: 32 op, 3568009.00 ns, 111.5003 us/op
WorkloadPilot    3: 64 op, 6925330.00 ns, 108.2083 us/op
WorkloadPilot    4: 128 op, 13794947.00 ns, 107.7730 us/op
WorkloadPilot    5: 256 op, 27801893.00 ns, 108.6011 us/op
WorkloadPilot    6: 512 op, 55383810.00 ns, 108.1715 us/op
WorkloadPilot    7: 1024 op, 110869325.00 ns, 108.2708 us/op
WorkloadPilot    8: 2048 op, 222270596.00 ns, 108.5306 us/op
WorkloadPilot    9: 4096 op, 444260834.00 ns, 108.4621 us/op
WorkloadPilot   10: 8192 op, 892713399.00 ns, 108.9738 us/op

OverheadWarmup   1: 8192 op, 25264.00 ns, 3.0840 ns/op
OverheadWarmup   2: 8192 op, 21859.00 ns, 2.6683 ns/op
OverheadWarmup   3: 8192 op, 21613.00 ns, 2.6383 ns/op
OverheadWarmup   4: 8192 op, 21604.00 ns, 2.6372 ns/op
OverheadWarmup   5: 8192 op, 21776.00 ns, 2.6582 ns/op
OverheadWarmup   6: 8192 op, 21605.00 ns, 2.6373 ns/op
OverheadWarmup   7: 8192 op, 21571.00 ns, 2.6332 ns/op
OverheadWarmup   8: 8192 op, 21842.00 ns, 2.6663 ns/op
OverheadWarmup   9: 8192 op, 21711.00 ns, 2.6503 ns/op

OverheadActual   1: 8192 op, 21604.00 ns, 2.6372 ns/op
OverheadActual   2: 8192 op, 21638.00 ns, 2.6414 ns/op
OverheadActual   3: 8192 op, 21538.00 ns, 2.6292 ns/op
OverheadActual   4: 8192 op, 21719.00 ns, 2.6512 ns/op
OverheadActual   5: 8192 op, 21580.00 ns, 2.6343 ns/op

WorkloadWarmup   1: 8192 op, 893080323.00 ns, 109.0186 us/op
WorkloadWarmup   2: 8192 op, 887758916.00 ns, 108.3690 us/op
WorkloadWarmup   3: 8192 op, 887621157.00 ns, 108.3522 us/op
WorkloadWarmup   4: 8192 op, 888190578.00 ns, 108.4217 us/op
WorkloadWarmup   5: 8192 op, 889912673.00 ns, 108.6319 us/op

WorkloadActual   1: 8192 op, 889748576.00 ns, 108.6119 us/op
WorkloadActual   2: 8192 op, 887446122.00 ns, 108.3308 us/op
WorkloadActual   3: 8192 op, 890410322.00 ns, 108.6927 us/op
WorkloadActual   4: 8192 op, 888669060.00 ns, 108.4801 us/op
WorkloadActual   5: 8192 op, 888552922.00 ns, 108.4659 us/op

WorkloadResult   1: 8192 op, 889726972.00 ns, 108.6092 us/op
WorkloadResult   2: 8192 op, 887424518.00 ns, 108.3282 us/op
WorkloadResult   3: 8192 op, 890388718.00 ns, 108.6900 us/op
WorkloadResult   4: 8192 op, 888647456.00 ns, 108.4775 us/op
WorkloadResult   5: 8192 op, 888531318.00 ns, 108.4633 us/op
// GC:  0 0 0 10813656 8192
// Threading:  0 0 8192


Mean = 108.514 μs, StdErr = 0.063 μs (0.06%), N = 5, StdDev = 0.140 μs
Min = 108.328 μs, Q1 = 108.463 μs, Median = 108.477 μs, Q3 = 108.609 μs, Max = 108.690 μs
IQR = 0.146 μs, LowerFence = 108.244 μs, UpperFence = 108.828 μs
ConfidenceInterval = [107.974 μs; 109.053 μs] (CI 99.9%), Margin = 0.539 μs (0.50% of Mean)
Skewness = -0.01, Kurtosis = 1.16, MValue = 2

// ** Remained 0 (0.0 %) benchmark(s) to run. Estimated finish 2026-09-11 14:07 (0h 0m from now) **
// ***** BenchmarkRunner: Finish  *****

// * Export *
  BenchmarkDotNet.Artifacts/results/AWSSDK.Benchmarks.Serde.RpcV2CborBenchmarks-report.csv
  BenchmarkDotNet.Artifacts/results/AWSSDK.Benchmarks.Serde.RpcV2CborBenchmarks-report-github.md
  BenchmarkDotNet.Artifacts/results/AWSSDK.Benchmarks.Serde.RpcV2CborBenchmarks-report.html

// * Detailed results *
RpcV2CborBenchmarks.rpcv2Cbor_GetItemOutput_Baseline: Job-UWPFQY(Toolchain=InProcessEmitToolchain, MaxIterationCount=20, MinIterationCount=5, RunStrategy=Throughput, WarmupCount=5)
Runtime = ; GC = 
Mean = 786.282 ns, StdErr = 1.492 ns (0.19%), N = 5, StdDev = 3.336 ns
Min = 782.242 ns, Q1 = 784.713 ns, Median = 784.978 ns, Q3 = 789.478 ns, Max = 789.998 ns
IQR = 4.765 ns, LowerFence = 777.566 ns, UpperFence = 796.625 ns
ConfidenceInterval = [773.437 ns; 799.127 ns] (CI 99.9%), Margin = 12.845 ns (1.63% of Mean)
Skewness = 0.06, Kurtosis = 0.92, MValue = 2
-------------------- Histogram --------------------
[779.681 ns ; 792.559 ns) | @@@@@
---------------------------------------------------

RpcV2CborBenchmarks.rpcv2Cbor_GetItemOutput_S: Job-UWPFQY(Toolchain=InProcessEmitToolchain, MaxIterationCount=20, MinIterationCount=5, RunStrategy=Throughput, WarmupCount=5)
Runtime = ; GC = 
Mean = 3.596 μs, StdErr = 0.004 μs (0.11%), N = 5, StdDev = 0.009 μs
Min = 3.589 μs, Q1 = 3.590 μs, Median = 3.591 μs, Q3 = 3.603 μs, Max = 3.608 μs
IQR = 0.013 μs, LowerFence = 3.570 μs, UpperFence = 3.622 μs
ConfidenceInterval = [3.563 μs; 3.629 μs] (CI 99.9%), Margin = 0.033 μs (0.91% of Mean)
Skewness = 0.36, Kurtosis = 0.92, MValue = 2
-------------------- Histogram --------------------
[3.582 μs ; 3.614 μs) | @@@@@
---------------------------------------------------

RpcV2CborBenchmarks.rpcv2Cbor_GetItemOutput_M: Job-UWPFQY(Toolchain=InProcessEmitToolchain, MaxIterationCount=20, MinIterationCount=5, RunStrategy=Throughput, WarmupCount=5)
Runtime = ; GC = 
Mean = 11.066 μs, StdErr = 0.005 μs (0.04%), N = 4, StdDev = 0.009 μs
Min = 11.053 μs, Q1 = 11.063 μs, Median = 11.069 μs, Q3 = 11.071 μs, Max = 11.073 μs
IQR = 0.008 μs, LowerFence = 11.051 μs, UpperFence = 11.084 μs
ConfidenceInterval = [11.006 μs; 11.125 μs] (CI 99.9%), Margin = 0.059 μs (0.54% of Mean)
Skewness = -0.56, Kurtosis = 1.18, MValue = 2
-------------------- Histogram --------------------
[11.045 μs ; 11.081 μs) | @@@@
---------------------------------------------------

RpcV2CborBenchmarks.rpcv2Cbor_GetItemOutput_L: Job-UWPFQY(Toolchain=InProcessEmitToolchain, MaxIterationCount=20, MinIterationCount=5, RunStrategy=Throughput, WarmupCount=5)
Runtime = ; GC = 
Mean = 25.330 μs, StdErr = 0.023 μs (0.09%), N = 4, StdDev = 0.045 μs
Min = 25.263 μs, Q1 = 25.326 μs, Median = 25.350 μs, Q3 = 25.355 μs, Max = 25.359 μs
IQR = 0.029 μs, LowerFence = 25.282 μs, UpperFence = 25.399 μs
ConfidenceInterval = [25.040 μs; 25.621 μs] (CI 99.9%), Margin = 0.291 μs (1.15% of Mean)
Skewness = -0.72, Kurtosis = 1.29, MValue = 2
-------------------- Histogram --------------------
[25.226 μs ; 25.396 μs) | @@@@
---------------------------------------------------

RpcV2CborBenchmarks.rpcv2Cbor_GetItemOutputBinary_S: Job-UWPFQY(Toolchain=InProcessEmitToolchain, MaxIterationCount=20, MinIterationCount=5, RunStrategy=Throughput, WarmupCount=5)
Runtime = ; GC = 
Mean = 2.126 μs, StdErr = 0.006 μs (0.29%), N = 6, StdDev = 0.015 μs
Min = 2.097 μs, Q1 = 2.123 μs, Median = 2.132 μs, Q3 = 2.134 μs, Max = 2.137 μs
IQR = 0.011 μs, LowerFence = 2.107 μs, UpperFence = 2.150 μs
ConfidenceInterval = [2.083 μs; 2.168 μs] (CI 99.9%), Margin = 0.043 μs (2.02% of Mean)
Skewness = -0.99, Kurtosis = 2.2, MValue = 2
-------------------- Histogram --------------------
[2.086 μs ; 2.148 μs) | @@@@@@
---------------------------------------------------

RpcV2CborBenchmarks.rpcv2Cbor_GetItemOutputBinary_M: Job-UWPFQY(Toolchain=InProcessEmitToolchain, MaxIterationCount=20, MinIterationCount=5, RunStrategy=Throughput, WarmupCount=5)
Runtime = ; GC = 
Mean = 7.059 μs, StdErr = 0.003 μs (0.05%), N = 4, StdDev = 0.007 μs
Min = 7.049 μs, Q1 = 7.059 μs, Median = 7.062 μs, Q3 = 7.063 μs, Max = 7.064 μs
IQR = 0.005 μs, LowerFence = 7.052 μs, UpperFence = 7.070 μs
ConfidenceInterval = [7.015 μs; 7.104 μs] (CI 99.9%), Margin = 0.044 μs (0.63% of Mean)
Skewness = -0.72, Kurtosis = 1.29, MValue = 2
-------------------- Histogram --------------------
[7.044 μs ; 7.069 μs) | @@@@
---------------------------------------------------

RpcV2CborBenchmarks.rpcv2Cbor_GetItemOutputBinary_L: Job-UWPFQY(Toolchain=InProcessEmitToolchain, MaxIterationCount=20, MinIterationCount=5, RunStrategy=Throughput, WarmupCount=5)
Runtime = ; GC = 
Mean = 81.432 μs, StdErr = 0.200 μs (0.25%), N = 6, StdDev = 0.491 μs
Min = 80.938 μs, Q1 = 81.035 μs, Median = 81.328 μs, Q3 = 81.785 μs, Max = 82.126 μs
IQR = 0.750 μs, LowerFence = 79.911 μs, UpperFence = 82.910 μs
ConfidenceInterval = [80.055 μs; 82.810 μs] (CI 99.9%), Margin = 1.377 μs (1.69% of Mean)
Skewness = 0.3, Kurtosis = 1.12, MValue = 2
-------------------- Histogram --------------------
[80.583 μs ; 82.481 μs) | @@@@@@
---------------------------------------------------

RpcV2CborBenchmarks.rpcv2Cbor_PutItemRequest_Baseline: Job-UWPFQY(Toolchain=InProcessEmitToolchain, MaxIterationCount=20, MinIterationCount=5, RunStrategy=Throughput, WarmupCount=5)
Runtime = ; GC = 
Mean = 1.548 μs, StdErr = 0.002 μs (0.12%), N = 4, StdDev = 0.004 μs
Min = 1.543 μs, Q1 = 1.548 μs, Median = 1.550 μs, Q3 = 1.550 μs, Max = 1.551 μs
IQR = 0.003 μs, LowerFence = 1.543 μs, UpperFence = 1.554 μs
ConfidenceInterval = [1.524 μs; 1.572 μs] (CI 99.9%), Margin = 0.024 μs (1.56% of Mean)
Skewness = -0.67, Kurtosis = 1.26, MValue = 2
-------------------- Histogram --------------------
[1.540 μs ; 1.554 μs) | @@@@
---------------------------------------------------

RpcV2CborBenchmarks.rpcv2Cbor_PutItemRequest_BinaryData_S: Job-UWPFQY(Toolchain=InProcessEmitToolchain, MaxIterationCount=20, MinIterationCount=5, RunStrategy=Throughput, WarmupCount=5)
Runtime = ; GC = 
Mean = 1.855 μs, StdErr = 0.001 μs (0.07%), N = 4, StdDev = 0.003 μs
Min = 1.851 μs, Q1 = 1.854 μs, Median = 1.855 μs, Q3 = 1.856 μs, Max = 1.857 μs
IQR = 0.002 μs, LowerFence = 1.851 μs, UpperFence = 1.859 μs
ConfidenceInterval = [1.837 μs; 1.872 μs] (CI 99.9%), Margin = 0.017 μs (0.94% of Mean)
Skewness = -0.59, Kurtosis = 1.22, MValue = 2
-------------------- Histogram --------------------
[1.848 μs ; 1.859 μs) | @@@@
---------------------------------------------------

RpcV2CborBenchmarks.rpcv2Cbor_PutItemRequest_BinaryData_M: Job-UWPFQY(Toolchain=InProcessEmitToolchain, MaxIterationCount=20, MinIterationCount=5, RunStrategy=Throughput, WarmupCount=5)
Runtime = ; GC = 
Mean = 7.180 μs, StdErr = 0.007 μs (0.09%), N = 5, StdDev = 0.015 μs
Min = 7.158 μs, Q1 = 7.175 μs, Median = 7.183 μs, Q3 = 7.187 μs, Max = 7.198 μs
IQR = 0.012 μs, LowerFence = 7.157 μs, UpperFence = 7.205 μs
ConfidenceInterval = [7.123 μs; 7.237 μs] (CI 99.9%), Margin = 0.057 μs (0.80% of Mean)
Skewness = -0.33, Kurtosis = 1.41, MValue = 2
-------------------- Histogram --------------------
[7.146 μs ; 7.209 μs) | @@@@@
---------------------------------------------------

RpcV2CborBenchmarks.rpcv2Cbor_PutItemRequest_BinaryData_L: Job-UWPFQY(Toolchain=InProcessEmitToolchain, MaxIterationCount=20, MinIterationCount=5, RunStrategy=Throughput, WarmupCount=5)
Runtime = ; GC = 
Mean = 92.827 μs, StdErr = 0.227 μs (0.25%), N = 6, StdDev = 0.557 μs
Min = 92.288 μs, Q1 = 92.505 μs, Median = 92.672 μs, Q3 = 92.944 μs, Max = 93.843 μs
IQR = 0.438 μs, LowerFence = 91.848 μs, UpperFence = 93.601 μs
ConfidenceInterval = [91.264 μs; 94.389 μs] (CI 99.9%), Margin = 1.562 μs (1.68% of Mean)
Skewness = 0.81, Kurtosis = 2.03, MValue = 2
-------------------- Histogram --------------------
[91.886 μs ; 94.245 μs) | @@@@@@
---------------------------------------------------

RpcV2CborBenchmarks.rpcv2Cbor_PutItemRequest_MixedItem_S: Job-UWPFQY(Toolchain=InProcessEmitToolchain, MaxIterationCount=20, MinIterationCount=5, RunStrategy=Throughput, WarmupCount=5)
Runtime = ; GC = 
Mean = 2.488 μs, StdErr = 0.002 μs (0.09%), N = 4, StdDev = 0.004 μs
Min = 2.482 μs, Q1 = 2.487 μs, Median = 2.489 μs, Q3 = 2.490 μs, Max = 2.492 μs
IQR = 0.003 μs, LowerFence = 2.483 μs, UpperFence = 2.494 μs
ConfidenceInterval = [2.460 μs; 2.516 μs] (CI 99.9%), Margin = 0.028 μs (1.11% of Mean)
Skewness = -0.4, Kurtosis = 1.17, MValue = 2
-------------------- Histogram --------------------
[2.478 μs ; 2.496 μs) | @@@@
---------------------------------------------------

RpcV2CborBenchmarks.rpcv2Cbor_PutItemRequest_MixedItem_M: Job-UWPFQY(Toolchain=InProcessEmitToolchain, MaxIterationCount=20, MinIterationCount=5, RunStrategy=Throughput, WarmupCount=5)
Runtime = ; GC = 
Mean = 7.168 μs, StdErr = 0.003 μs (0.05%), N = 4, StdDev = 0.007 μs
Min = 7.158 μs, Q1 = 7.166 μs, Median = 7.170 μs, Q3 = 7.172 μs, Max = 7.172 μs
IQR = 0.006 μs, LowerFence = 7.158 μs, UpperFence = 7.180 μs
ConfidenceInterval = [7.124 μs; 7.211 μs] (CI 99.9%), Margin = 0.044 μs (0.61% of Mean)
Skewness = -0.66, Kurtosis = 1.24, MValue = 2
-------------------- Histogram --------------------
[7.152 μs ; 7.178 μs) | @@@@
---------------------------------------------------

RpcV2CborBenchmarks.rpcv2Cbor_PutItemRequest_MixedItem_L: Job-UWPFQY(Toolchain=InProcessEmitToolchain, MaxIterationCount=20, MinIterationCount=5, RunStrategy=Throughput, WarmupCount=5)
Runtime = ; GC = 
Mean = 17.747 μs, StdErr = 0.015 μs (0.08%), N = 4, StdDev = 0.030 μs
Min = 17.711 μs, Q1 = 17.731 μs, Median = 17.750 μs, Q3 = 17.767 μs, Max = 17.778 μs
IQR = 0.036 μs, LowerFence = 17.677 μs, UpperFence = 17.820 μs
ConfidenceInterval = [17.556 μs; 17.938 μs] (CI 99.9%), Margin = 0.191 μs (1.08% of Mean)
Skewness = -0.16, Kurtosis = 0.9, MValue = 2
-------------------- Histogram --------------------
[17.686 μs ; 17.802 μs) | @@@@
---------------------------------------------------

RpcV2CborBenchmarks.rpcv2Cbor_PutItemRequest_Nested_M: Job-UWPFQY(Toolchain=InProcessEmitToolchain, MaxIterationCount=20, MinIterationCount=5, RunStrategy=Throughput, WarmupCount=5)
Runtime = ; GC = 
Mean = 4.118 μs, StdErr = 0.001 μs (0.03%), N = 4, StdDev = 0.003 μs
Min = 4.115 μs, Q1 = 4.117 μs, Median = 4.119 μs, Q3 = 4.120 μs, Max = 4.121 μs
IQR = 0.004 μs, LowerFence = 4.111 μs, UpperFence = 4.126 μs
ConfidenceInterval = [4.101 μs; 4.136 μs] (CI 99.9%), Margin = 0.017 μs (0.42% of Mean)
Skewness = -0.22, Kurtosis = 0.83, MValue = 2
-------------------- Histogram --------------------
[4.113 μs ; 4.123 μs) | @@@@
---------------------------------------------------

RpcV2CborBenchmarks.rpcv2Cbor_PutItemRequest_Nested_L: Job-UWPFQY(Toolchain=InProcessEmitToolchain, MaxIterationCount=20, MinIterationCount=5, RunStrategy=Throughput, WarmupCount=5)
Runtime = ; GC = 
Mean = 9.236 μs, StdErr = 0.009 μs (0.09%), N = 4, StdDev = 0.017 μs
Min = 9.212 μs, Q1 = 9.228 μs, Median = 9.241 μs, Q3 = 9.249 μs, Max = 9.249 μs
IQR = 0.020 μs, LowerFence = 9.198 μs, UpperFence = 9.279 μs
ConfidenceInterval = [9.123 μs; 9.348 μs] (CI 99.9%), Margin = 0.112 μs (1.22% of Mean)
Skewness = -0.44, Kurtosis = 1.04, MValue = 2
-------------------- Histogram --------------------
[9.198 μs ; 9.263 μs) | @@@@
---------------------------------------------------

RpcV2CborBenchmarks.rpcv2Cbor_PutItemRequest_ShallowMap_S: Job-UWPFQY(Toolchain=InProcessEmitToolchain, MaxIterationCount=20, MinIterationCount=5, RunStrategy=Throughput, WarmupCount=5)
Runtime = ; GC = 
Mean = 2.736 μs, StdErr = 0.001 μs (0.04%), N = 5, StdDev = 0.003 μs
Min = 2.732 μs, Q1 = 2.735 μs, Median = 2.737 μs, Q3 = 2.738 μs, Max = 2.739 μs
IQR = 0.003 μs, LowerFence = 2.730 μs, UpperFence = 2.743 μs
ConfidenceInterval = [2.726 μs; 2.747 μs] (CI 99.9%), Margin = 0.010 μs (0.38% of Mean)
Skewness = -0.48, Kurtosis = 1.31, MValue = 2
-------------------- Histogram --------------------
[2.730 μs ; 2.741 μs) | @@@@@
---------------------------------------------------

RpcV2CborBenchmarks.rpcv2Cbor_PutItemRequest_ShallowMap_M: Job-UWPFQY(Toolchain=InProcessEmitToolchain, MaxIterationCount=20, MinIterationCount=5, RunStrategy=Throughput, WarmupCount=5)
Runtime = ; GC = 
Mean = 12.235 μs, StdErr = 0.016 μs (0.13%), N = 5, StdDev = 0.036 μs
Min = 12.201 μs, Q1 = 12.208 μs, Median = 12.234 μs, Q3 = 12.241 μs, Max = 12.291 μs
IQR = 0.033 μs, LowerFence = 12.158 μs, UpperFence = 12.291 μs
ConfidenceInterval = [12.098 μs; 12.372 μs] (CI 99.9%), Margin = 0.137 μs (1.12% of Mean)
Skewness = 0.52, Kurtosis = 1.46, MValue = 2
-------------------- Histogram --------------------
[12.174 μs ; 12.318 μs) | @@@@@
---------------------------------------------------

RpcV2CborBenchmarks.rpcv2Cbor_PutItemRequest_ShallowMap_L: Job-UWPFQY(Toolchain=InProcessEmitToolchain, MaxIterationCount=20, MinIterationCount=5, RunStrategy=Throughput, WarmupCount=5)
Runtime = ; GC = 
Mean = 108.514 μs, StdErr = 0.063 μs (0.06%), N = 5, StdDev = 0.140 μs
Min = 108.328 μs, Q1 = 108.463 μs, Median = 108.477 μs, Q3 = 108.609 μs, Max = 108.690 μs
IQR = 0.146 μs, LowerFence = 108.244 μs, UpperFence = 108.828 μs
ConfidenceInterval = [107.974 μs; 109.053 μs] (CI 99.9%), Margin = 0.539 μs (0.50% of Mean)
Skewness = -0.01, Kurtosis = 1.16, MValue = 2
-------------------- Histogram --------------------
[108.221 μs ; 108.798 μs) | @@@@@
---------------------------------------------------

// * Summary *

BenchmarkDotNet v0.15.2, Linux Amazon Linux 2023.12.20260909
Neoverse-N1, 16 physical cores
.NET SDK 10.0.111
  [Host] : .NET 8.0.30 (8.0.3026.36720), Arm64 RyuJIT AdvSIMD

Toolchain=InProcessEmitToolchain  MaxIterationCount=20  MinIterationCount=5  
RunStrategy=Throughput  WarmupCount=5  

| Method                                | Mean         | Error       | StdDev    | Max          | P50          | P90          | P95          | Gen0    | Gen1    | Gen2    | Allocated |
|-------------------------------------- |-------------:|------------:|----------:|-------------:|-------------:|-------------:|-------------:|--------:|--------:|--------:|----------:|
| rpcv2Cbor_GetItemOutput_Baseline      |     786.3 ns |    12.85 ns |   3.34 ns |     790.0 ns |     785.0 ns |     789.8 ns |     789.9 ns |  0.0744 |       - |       - |   1.23 KB |
| rpcv2Cbor_GetItemOutput_S             |   3,596.1 ns |    32.89 ns |   8.54 ns |   3,607.7 ns |   3,591.3 ns |   3,605.7 ns |   3,606.7 ns |  0.1755 |       - |       - |    2.9 KB |
| rpcv2Cbor_GetItemOutput_M             |  11,065.8 ns |    59.36 ns |   9.19 ns |  11,073.4 ns |  11,068.7 ns |  11,072.6 ns |  11,073.0 ns |  0.4730 |       - |       - |   7.91 KB |
| rpcv2Cbor_GetItemOutput_L             |  25,330.5 ns |   290.90 ns |  45.02 ns |  25,358.7 ns |  25,349.9 ns |  25,357.1 ns |  25,357.9 ns |  1.0376 |  0.0305 |       - |  17.19 KB |
| rpcv2Cbor_GetItemOutputBinary_S       |   2,125.5 ns |    42.95 ns |  15.32 ns |   2,137.4 ns |   2,132.4 ns |   2,135.7 ns |   2,136.6 ns |  0.1335 |       - |       - |   2.19 KB |
| rpcv2Cbor_GetItemOutputBinary_M       |   7,059.5 ns |    44.31 ns |   6.86 ns |   7,063.8 ns |   7,062.4 ns |   7,063.6 ns |   7,063.7 ns |  2.0752 |  0.2289 |       - |  34.05 KB |
| rpcv2Cbor_GetItemOutputBinary_L       |  81,432.5 ns | 1,377.10 ns | 491.09 ns |  82,125.9 ns |  81,328.0 ns |  82,017.1 ns |  82,071.5 ns | 43.0908 | 42.9688 | 42.9688 | 258.25 KB |
| rpcv2Cbor_PutItemRequest_Baseline     |   1,548.2 ns |    24.09 ns |   3.73 ns |   1,550.9 ns |   1,549.6 ns |   1,550.6 ns |   1,550.8 ns |  0.0782 |       - |       - |   1.29 KB |
| rpcv2Cbor_PutItemRequest_BinaryData_S |   1,854.6 ns |    17.41 ns |   2.69 ns |   1,856.8 ns |   1,855.4 ns |   1,856.5 ns |   1,856.6 ns |  0.0954 |       - |       - |   1.56 KB |
| rpcv2Cbor_PutItemRequest_BinaryData_M |   7,180.1 ns |    57.17 ns |  14.85 ns |   7,197.6 ns |   7,182.7 ns |   7,193.4 ns |   7,195.5 ns |  2.0294 |  0.0076 |       - |  33.31 KB |
| rpcv2Cbor_PutItemRequest_BinaryData_L |  92,826.6 ns | 1,562.22 ns | 557.10 ns |  93,842.7 ns |  92,672.4 ns |  93,436.9 ns |  93,639.8 ns | 45.8984 | 45.7764 | 45.7764 | 257.57 KB |
| rpcv2Cbor_PutItemRequest_MixedItem_S  |   2,487.9 ns |    27.69 ns |   4.29 ns |   2,492.2 ns |   2,488.7 ns |   2,491.2 ns |   2,491.7 ns |  0.0763 |       - |       - |   1.29 KB |
| rpcv2Cbor_PutItemRequest_MixedItem_M  |   7,167.7 ns |    43.81 ns |   6.78 ns |   7,172.2 ns |   7,170.4 ns |   7,172.1 ns |   7,172.1 ns |  0.0763 |       - |       - |   1.29 KB |
| rpcv2Cbor_PutItemRequest_MixedItem_L  |  17,747.1 ns |   190.98 ns |  29.55 ns |  17,777.8 ns |  17,749.9 ns |  17,773.3 ns |  17,775.6 ns |  0.0610 |       - |       - |   1.29 KB |
| rpcv2Cbor_PutItemRequest_Nested_M     |   4,118.1 ns |    17.44 ns |   2.70 ns |   4,120.6 ns |   4,118.6 ns |   4,120.4 ns |   4,120.5 ns |  0.0763 |       - |       - |   1.29 KB |
| rpcv2Cbor_PutItemRequest_Nested_L     |   9,235.8 ns |   112.37 ns |  17.39 ns |   9,248.8 ns |   9,241.3 ns |   9,248.8 ns |   9,248.8 ns |  0.0763 |       - |       - |   1.29 KB |
| rpcv2Cbor_PutItemRequest_ShallowMap_S |   2,736.2 ns |    10.36 ns |   2.69 ns |   2,738.7 ns |   2,736.9 ns |   2,738.5 ns |   2,738.6 ns |  0.0763 |       - |       - |   1.29 KB |
| rpcv2Cbor_PutItemRequest_ShallowMap_M |  12,235.2 ns |   136.87 ns |  35.54 ns |  12,291.2 ns |  12,234.0 ns |  12,271.2 ns |  12,281.2 ns |  0.0763 |       - |       - |   1.29 KB |
| rpcv2Cbor_PutItemRequest_ShallowMap_L | 108,513.6 ns |   539.40 ns | 140.08 ns | 108,690.0 ns | 108,477.5 ns | 108,657.7 ns | 108,673.9 ns |       - |       - |       - |   1.29 KB |

// * Hints *
Outliers
  RpcV2CborBenchmarks.rpcv2Cbor_GetItemOutput_M: Toolchain=InProcessEmitToolchain, MaxIterationCount=20, MinIterationCount=5, RunStrategy=Throughput, WarmupCount=5             -> 1 outlier  was  removed, 2 outliers were detected (11.05 μs, 11.10 μs)
  RpcV2CborBenchmarks.rpcv2Cbor_GetItemOutput_L: Toolchain=InProcessEmitToolchain, MaxIterationCount=20, MinIterationCount=5, RunStrategy=Throughput, WarmupCount=5             -> 1 outlier  was  removed, 2 outliers were detected (25.27 μs, 25.39 μs)
  RpcV2CborBenchmarks.rpcv2Cbor_GetItemOutputBinary_S: Toolchain=InProcessEmitToolchain, MaxIterationCount=20, MinIterationCount=5, RunStrategy=Throughput, WarmupCount=5       -> 1 outlier  was  removed, 2 outliers were detected (2.10 μs, 2.16 μs)
  RpcV2CborBenchmarks.rpcv2Cbor_GetItemOutputBinary_M: Toolchain=InProcessEmitToolchain, MaxIterationCount=20, MinIterationCount=5, RunStrategy=Throughput, WarmupCount=5       -> 1 outlier  was  removed, 2 outliers were detected (7.05 μs, 7.10 μs)
  RpcV2CborBenchmarks.rpcv2Cbor_PutItemRequest_Baseline: Toolchain=InProcessEmitToolchain, MaxIterationCount=20, MinIterationCount=5, RunStrategy=Throughput, WarmupCount=5     -> 1 outlier  was  removed, 2 outliers were detected (1.55 μs, 1.56 μs)
  RpcV2CborBenchmarks.rpcv2Cbor_PutItemRequest_BinaryData_S: Toolchain=InProcessEmitToolchain, MaxIterationCount=20, MinIterationCount=5, RunStrategy=Throughput, WarmupCount=5 -> 1 outlier  was  removed, 2 outliers were detected (1.85 μs, 1.87 μs)
  RpcV2CborBenchmarks.rpcv2Cbor_PutItemRequest_BinaryData_L: Toolchain=InProcessEmitToolchain, MaxIterationCount=20, MinIterationCount=5, RunStrategy=Throughput, WarmupCount=5 -> 1 outlier  was  removed (98.80 μs)
  RpcV2CborBenchmarks.rpcv2Cbor_PutItemRequest_MixedItem_S: Toolchain=InProcessEmitToolchain, MaxIterationCount=20, MinIterationCount=5, RunStrategy=Throughput, WarmupCount=5  -> 1 outlier  was  removed, 2 outliers were detected (2.48 μs, 2.51 μs)
  RpcV2CborBenchmarks.rpcv2Cbor_PutItemRequest_MixedItem_M: Toolchain=InProcessEmitToolchain, MaxIterationCount=20, MinIterationCount=5, RunStrategy=Throughput, WarmupCount=5  -> 1 outlier  was  removed, 2 outliers were detected (7.16 μs, 7.19 μs)
  RpcV2CborBenchmarks.rpcv2Cbor_PutItemRequest_MixedItem_L: Toolchain=InProcessEmitToolchain, MaxIterationCount=20, MinIterationCount=5, RunStrategy=Throughput, WarmupCount=5  -> 1 outlier  was  removed (17.89 μs)
  RpcV2CborBenchmarks.rpcv2Cbor_PutItemRequest_Nested_M: Toolchain=InProcessEmitToolchain, MaxIterationCount=20, MinIterationCount=5, RunStrategy=Throughput, WarmupCount=5     -> 1 outlier  was  removed (4.14 μs)
  RpcV2CborBenchmarks.rpcv2Cbor_PutItemRequest_Nested_L: Toolchain=InProcessEmitToolchain, MaxIterationCount=20, MinIterationCount=5, RunStrategy=Throughput, WarmupCount=5     -> 1 outlier  was  removed (9.29 μs)
// * Config Issues *

// * Warnings *
Configuration
  Summary -> The exporter CsvExporter is already present in configuration. There may be unexpected results.

// * Legends *
  Mean      : Arithmetic mean of all measurements
  Error     : Half of 99.9% confidence interval
  StdDev    : Standard deviation of all measurements
  Max       : Maximum
  P50       : Percentile 50
  P90       : Percentile 90
  P95       : Percentile 95
  Gen0      : GC Generation 0 collects per 1000 operations
  Gen1      : GC Generation 1 collects per 1000 operations
  Gen2      : GC Generation 2 collects per 1000 operations
  Allocated : Allocated memory per single operation (managed only, inclusive, 1KB = 1024B)
  1 ns      : 1 Nanosecond (0.000000001 sec)

// * Diagnostic Output - MemoryDiagnoser *


// ***** BenchmarkRunner: End *****
Run time: 00:03:18 (198.54 sec), executed benchmarks: 19

Global total time: 00:03:18 (198.98 sec), executed benchmarks: 19
// * Artifacts cleanup *
Artifacts cleanup is finished
